City_ID,City,Country,Date,Lat,Lng,Max Temp,Humidity,Cloudiness,Wind Speed
0,Waipawa,NZ,2021-11-01 04:27:25,-41.4122,175.5153,61.3,62,79,4.0
1,Kahului,US,2021-11-01 04:23:18,20.8947,-156.47,78.82,78,20,3.44
2,Ancud,CL,2021-11-01 04:27:25,-41.8697,-73.8203,53.13,93,0,10.2
3,Atuona,PF,2021-11-01 04:27:26,-9.8,-139.0333,78.84,73,0,18.5
4,Puerto Ayora,EC,2021-11-01 04:26:22,-0.7393,-90.3518,68.9,92,37,6.11
5,Ushuaia,AR,2021-11-01 04:23:23,-54.8,-68.3,46.06,71,0,3.44
6,Bambous Virieux,MU,2021-11-01 04:27:28,-20.3428,57.7575,78.22,78,40,6.91
7,Mahebourg,MU,2021-11-01 04:27:28,-20.4081,57.7,78.26,78,40,6.91
8,Beloha,MG,2021-11-01 04:27:29,-25.1667,45.05,74.86,69,24,6.13
9,Cidreira,BR,2021-11-01 04:27:29,-30.1811,-50.2056,67.46,89,7,19.77
10,Poum,NC,2021-11-01 04:27:30,-20.2333,164.0167,75.88,74,1,21.94
11,Bethel,US,2021-11-01 04:27:30,41.3712,-73.414,56.35,84,20,1.99
12,Hobart,AU,2021-11-01 04:25:40,-42.8794,147.3294,66.06,51,75,1.01
13,Arman,RU,2021-11-01 04:27:31,59.7,150.1667,16.75,42,0,4.23
14,Albany,US,2021-11-01 04:26:09,42.6001,-73.9662,53.8,80,54,10.92
15,Mataura,NZ,2021-11-01 04:27:32,-46.1927,168.8643,54.16,73,100,8.43
16,Khatanga,RU,2021-11-01 04:27:32,71.9667,102.5,5.72,96,100,11.63
17,Port Alfred,ZA,2021-11-01 04:23:51,-33.5906,26.891,68.09,73,93,5.82
18,Severo-Kurilsk,RU,2021-11-01 04:27:33,50.6789,156.125,36.63,55,72,24.32
19,Awjilah,LY,2021-11-01 04:27:34,29.1081,21.2869,64.74,86,86,6.11
20,Rikitea,PF,2021-11-01 04:27:35,-23.1203,-134.9692,72.99,76,100,16.78
21,Khani,GE,2021-11-01 04:27:35,41.9563,42.9566,53.17,75,99,7.58
22,Zalantun,CN,2021-11-01 04:27:35,48.0,122.7167,43.27,23,6,4.45
23,Hilo,US,2021-11-01 04:27:36,19.7297,-155.09,76.73,83,90,3.44
24,Qaanaaq,GL,2021-11-01 04:27:36,77.484,-69.3632,18.12,85,100,8.59
25,Disna,BY,2021-11-01 04:27:37,55.568,28.1971,38.98,77,3,7.7
26,Provideniya,RU,2021-11-01 04:27:37,64.3833,-173.3,17.71,62,40,11.18
27,Barrow,US,2021-11-01 04:25:02,71.2906,-156.7887,19.42,86,40,13.8
28,Petropavlovsk-Kamchatskiy,RU,2021-11-01 04:27:38,53.0452,158.6483,36.19,38,40,11.18
29,Punta Arenas,CL,2021-11-01 04:27:39,-53.15,-70.9167,46.51,57,0,8.05
30,Mar Del Plata,AR,2021-11-01 04:23:54,-38.0023,-57.5575,55.09,92,90,5.01
31,Konya,TR,2021-11-01 04:27:39,38.1667,32.5,44.08,71,100,6.76
32,Leningradskiy,RU,2021-11-01 04:27:40,69.3833,178.4167,-0.44,87,99,12.44
33,Krasnoselkup,RU,2021-11-01 04:27:40,65.7,82.4667,4.87,94,100,12.73
34,Carnarvon,AU,2021-11-01 04:27:41,-24.8667,113.6333,73.47,53,33,16.11
35,Busselton,AU,2021-11-01 04:27:41,-33.65,115.3333,61.05,58,78,20.36
36,Guerrero Negro,MX,2021-11-01 04:27:42,27.9769,-114.0611,63.37,86,0,9.75
37,Palora,EC,2021-11-01 04:27:43,-1.7,-77.9333,64.87,97,79,3.02
38,Dikson,RU,2021-11-01 04:27:43,73.5069,80.5464,5.63,94,92,10.25
39,Cape Town,ZA,2021-11-01 04:23:23,-33.9258,18.4232,60.1,87,75,1.01
40,San Francisco,US,2021-11-01 04:23:11,37.7749,-122.4194,60.04,83,40,1.01
41,Jutai,BR,2021-11-01 04:27:44,-5.1833,-68.9,72.55,96,95,1.41
42,Pevek,RU,2021-11-01 04:25:17,69.7008,170.3133,2.89,95,100,6.02
43,Obo,CF,2021-11-01 04:27:45,5.3998,26.4869,67.77,92,100,1.01
44,Kaitangata,NZ,2021-11-01 04:27:46,-46.2817,169.8464,58.62,58,96,12.28
45,Verkhnevilyuysk,RU,2021-11-01 04:24:44,63.4453,120.3167,21.2,74,100,6.24
46,Trairi,BR,2021-11-01 04:25:27,-3.2778,-39.2689,80.55,75,75,10.58
47,Upernavik,GL,2021-11-01 04:27:47,72.7868,-56.1549,27.28,95,100,7.0
48,Nikolskoye,RU,2021-11-01 04:25:18,59.7035,30.7861,48.09,93,97,5.57
49,Georgetown,MY,2021-11-01 04:27:48,5.4112,100.3354,89.53,70,20,3.44
50,Batie,BF,2021-11-01 04:27:48,9.8833,-2.9167,75.88,63,96,4.05
51,Vaini,TO,2021-11-01 04:27:49,-21.2,-175.2,80.76,83,20,9.22
52,Hithadhoo,MV,2021-11-01 04:27:49,-0.6,73.0833,82.45,74,97,20.0
53,Sao Joao Da Barra,BR,2021-11-01 04:27:49,-21.6403,-41.0511,70.41,91,100,17.63
54,Arraial Do Cabo,BR,2021-11-01 04:27:50,-22.9661,-42.0278,69.55,95,100,21.59
55,Lyuban,BY,2021-11-01 04:27:50,52.7985,28.0048,37.27,75,0,7.81
56,Hermanus,ZA,2021-11-01 04:27:51,-34.4187,19.2345,61.81,77,100,13.22
57,Jamestown,US,2021-11-01 04:26:53,42.097,-79.2353,51.39,91,90,5.01
58,Ahipara,NZ,2021-11-01 04:27:52,-35.1667,173.1667,60.89,62,38,13.2
59,Ponta Do Sol,PT,2021-11-01 04:27:52,32.6667,-17.1,71.71,75,44,1.01
60,Laguna,US,2021-11-01 04:23:45,38.421,-121.4238,61.23,81,1,0.0
61,Lakes Entrance,AU,2021-11-01 04:27:54,-37.8811,147.981,75.58,60,90,10.18
62,Baghdad,IQ,2021-11-01 04:23:38,33.3406,44.4009,67.91,64,0,6.91
63,Thompson,CA,2021-11-01 04:27:54,55.7435,-97.8558,26.76,80,75,10.36
64,Belaya Gora,RU,2021-11-01 04:27:55,68.5333,146.4167,-5.49,99,88,1.97
65,Flinders,AU,2021-11-01 04:27:55,-34.5833,150.8552,77.81,65,100,5.01
66,Port Elizabeth,ZA,2021-11-01 04:27:56,-33.918,25.5701,63.1,88,20,20.71
67,Manokwari,ID,2021-11-01 04:27:56,-0.8667,134.0833,81.39,75,100,5.55
68,Sechelt,CA,2021-11-01 04:27:57,49.4664,-123.7694,44.76,61,0,3.87
69,Bredasdorp,ZA,2021-11-01 04:27:57,-34.5322,20.0403,61.29,79,100,6.96
70,Abha,SA,2021-11-01 04:27:58,18.2164,42.5053,53.85,54,0,5.75
71,Chokurdakh,RU,2021-11-01 04:27:58,70.6333,147.9167,-6.75,98,94,7.07
72,Saint-Philippe,RE,2021-11-01 04:27:59,-21.3585,55.7679,78.48,81,61,8.97
73,Aleksandrovsk-Sakhalinskiy,RU,2021-11-01 04:28:01,50.8975,142.1561,33.03,50,10,3.49
74,Puri,IN,2021-11-01 04:28:02,19.8,85.85,82.92,67,13,8.86
75,Araouane,ML,2021-11-01 04:28:03,18.9048,-3.5265,78.37,22,80,11.41
76,San Cristobal,VE,2021-11-01 04:24:47,7.7669,-72.225,64.58,97,98,0.81
77,Tautira,PF,2021-11-01 04:28:04,-17.7333,-149.15,80.62,77,62,15.79
78,Saint-Francois,FR,2021-11-01 04:28:04,46.4154,3.9054,51.48,91,0,2.3
79,Beringovskiy,RU,2021-11-01 04:28:05,63.05,179.3167,3.97,91,69,12.64
80,Katsuura,JP,2021-11-01 04:28:05,35.1333,140.3,68.14,74,99,6.58
81,Kodiak,US,2021-11-01 04:28:06,57.79,-152.4072,42.04,90,100,2.53
82,Bluff,NZ,2021-11-01 04:28:06,-46.6,168.3333,54.75,74,94,30.87
83,Miles City,US,2021-11-01 04:28:06,46.4083,-105.8406,28.51,68,1,5.75
84,Bengkulu,ID,2021-11-01 04:25:09,-3.8004,102.2655,83.61,70,98,6.24
85,Camacari,BR,2021-11-01 04:28:08,-12.6975,-38.3242,76.77,90,66,3.38
86,Castro,BR,2021-11-01 04:28:08,-24.7911,-50.0119,57.22,97,95,7.05
87,Taoudenni,ML,2021-11-01 04:28:08,22.6783,-3.9836,76.15,23,0,11.27
88,Puerto Rondon,CO,2021-11-01 04:28:09,6.2805,-71.1,74.35,95,100,2.89
89,Dalvik,IS,2021-11-01 04:28:10,65.9702,-18.5286,33.73,98,98,10.8
90,East London,ZA,2021-11-01 04:26:58,-33.0153,27.9116,65.68,80,94,13.27
91,Victoria,HK,2021-11-01 04:23:24,22.2855,114.1577,82.45,69,35,1.99
92,Tuktoyaktuk,CA,2021-11-01 04:28:11,69.4541,-133.0374,30.2,80,75,14.97
93,Port Hardy,CA,2021-11-01 04:28:11,50.6996,-127.4199,50.0,75,1,3.44
94,Kota Belud,MY,2021-11-01 04:28:12,6.351,116.4305,89.46,65,100,7.67
95,Klaksvik,FO,2021-11-01 04:28:12,62.2266,-6.589,41.92,72,100,18.77
96,Charters Towers,AU,2021-11-01 04:28:13,-20.1,146.2667,92.8,35,87,18.84
97,Den Helder,NL,2021-11-01 04:28:14,52.9599,4.7593,51.98,85,75,20.0
98,Coihaique,CL,2021-11-01 04:28:14,-45.5752,-72.0662,49.95,53,0,4.61
99,Saskylakh,RU,2021-11-01 04:25:12,71.9167,114.0833,3.78,97,98,5.61
100,Chuy,UY,2021-11-01 04:28:15,-33.6971,-53.4616,63.07,98,94,6.2
101,Westport,US,2021-11-01 04:24:09,41.1415,-73.3579,57.97,89,1,1.01
102,Qiongshan,CN,2021-11-01 04:28:16,20.0058,110.3542,80.58,89,75,13.42
103,Oussouye,SN,2021-11-01 04:28:16,12.485,-16.5469,77.83,84,51,5.88
104,Airai,TL,2021-11-01 04:28:17,-8.9266,125.4092,78.55,42,75,2.35
105,Sorland,NO,2021-11-01 04:28:17,67.667,12.6934,46.47,82,54,15.23
106,Hendersonville,US,2021-11-01 04:28:18,36.3048,-86.62,53.46,88,0,1.99
107,Esperance,AU,2021-11-01 04:28:19,-33.8667,121.9,73.24,56,100,17.87
108,Saint George,US,2021-11-01 04:23:49,37.1041,-113.5841,67.35,46,1,1.01
109,Cherskiy,RU,2021-11-01 04:28:19,68.75,161.3,-2.74,99,100,5.53
110,Batagay-Alyta,RU,2021-11-01 04:28:20,67.8006,130.4114,4.28,78,49,7.49
111,Sovetskaya Gavan,RU,2021-11-01 04:28:20,48.9723,140.2878,37.98,52,21,5.39
112,Bonthe,SL,2021-11-01 04:28:21,7.5264,-12.505,74.66,91,100,3.78
113,Kapaa,US,2021-11-01 04:28:21,22.0752,-159.319,78.78,83,90,4.61
114,Bathsheba,BB,2021-11-01 04:28:22,13.2167,-59.5167,74.01,88,75,17.27
115,Saravan,AM,2021-11-01 04:28:22,39.7196,45.6483,39.85,86,99,1.39
116,Lebu,CL,2021-11-01 04:28:23,-37.6167,-73.65,50.14,94,75,6.22
117,Port Macquarie,AU,2021-11-01 04:28:24,-31.4333,152.9167,73.36,50,99,12.28
118,Ulaangom,MN,2021-11-01 04:26:12,49.9811,92.0667,42.69,25,45,9.55
119,Eenhana,NA,2021-11-01 04:28:24,-17.4667,16.3333,64.49,22,19,3.85
120,Cabo San Lucas,MX,2021-11-01 04:24:23,22.8909,-109.9124,79.9,80,12,1.99
121,Port Moresby,PG,2021-11-01 04:28:25,-9.4431,147.1797,90.82,62,40,17.27
122,Paka,MY,2021-11-01 04:28:26,4.6374,103.4368,85.93,79,40,2.3
123,Havre,FR,2021-11-01 04:28:26,49.5833,0.3333,49.77,81,75,18.41
124,Melendugno,IT,2021-11-01 04:28:27,40.2747,18.3368,55.06,68,87,9.51
125,Pochutla,MX,2021-11-01 04:28:27,15.7432,-96.4661,74.82,93,43,4.45
126,New Norfolk,AU,2021-11-01 04:28:28,-42.7826,147.0587,65.7,48,100,3.0
127,Tiksi,RU,2021-11-01 04:28:29,71.6872,128.8694,7.0,88,99,8.23
128,Hay River,CA,2021-11-01 04:28:29,60.8156,-115.7999,31.98,69,20,10.36
129,Henderson,US,2021-11-01 04:27:53,36.0397,-114.9819,74.64,27,1,0.0
130,Gat,IL,2021-11-01 04:28:30,31.61,34.7642,73.4,48,100,2.95
131,Ucar,AZ,2021-11-01 04:28:31,40.519,47.6542,51.98,81,98,1.79
132,Maryville,US,2021-11-01 04:25:12,35.7565,-83.9705,52.48,91,20,1.01
133,Taitung,TW,2021-11-01 04:24:51,22.7583,121.1444,82.67,65,20,16.11
134,Pisco,PE,2021-11-01 04:28:32,-13.7,-76.2167,61.02,88,0,2.3
135,Sorong,ID,2021-11-01 04:25:49,-0.8833,131.25,82.63,77,71,4.65
136,Norman Wells,CA,2021-11-01 04:28:33,65.282,-126.8329,12.24,85,40,4.61
137,Ornskoldsvik,SE,2021-11-01 04:28:33,63.2909,18.7153,40.82,100,67,3.44
138,Kaeo,NZ,2021-11-01 04:28:34,-35.1,173.7833,65.32,61,93,5.93
139,Alta Floresta,BR,2021-11-01 04:27:21,-9.8756,-56.0861,70.84,99,100,1.36
140,Butaritari,KI,2021-11-01 04:28:35,3.0707,172.7902,82.62,73,6,12.24
141,Bograd,RU,2021-11-01 04:28:35,54.2344,90.8328,33.91,46,77,20.42
142,Nanortalik,GL,2021-11-01 04:28:36,60.1432,-45.2371,33.76,64,56,9.78
143,Zarautz,ES,2021-11-01 04:28:36,43.2844,-2.1699,58.75,89,100,6.06
144,Baiyin,CN,2021-11-01 04:28:37,36.5583,104.2081,41.88,80,100,7.94
145,Naryan-Mar,RU,2021-11-01 04:28:37,67.6713,53.087,6.82,93,5,3.51
146,Rio Gallegos,AR,2021-11-01 04:28:38,-51.6226,-69.2181,48.25,53,0,29.93
147,Letychiv,UA,2021-11-01 04:28:38,49.3826,27.6305,36.19,91,0,8.12
148,Codrington,AU,2021-11-01 04:28:39,-38.2667,141.9667,63.1,68,0,12.15
149,Columbus,US,2021-11-01 04:23:57,39.9612,-82.9988,52.47,76,90,5.01
150,Dong Hoi,VN,2021-11-01 04:28:40,17.4833,106.6,79.95,80,88,6.96
151,Faanui,PF,2021-11-01 04:28:41,-16.4833,-151.75,79.16,73,79,17.31
152,Marshall,US,2021-11-01 04:24:14,34.3834,-86.3333,53.35,83,1,4.61
153,Porto Novo,BJ,2021-11-01 04:28:41,6.4965,2.6036,76.82,86,97,8.57
154,Kargil,IN,2021-11-01 04:28:42,34.5667,76.1,30.69,53,100,0.89
155,Graaff-Reinet,ZA,2021-11-01 04:28:42,-32.2522,24.5308,71.69,28,92,8.21
156,Byron Bay,AU,2021-11-01 04:28:43,-28.65,153.6167,75.06,54,100,7.52
157,Bundaberg,AU,2021-11-01 04:28:43,-24.85,152.35,77.29,50,75,18.41
158,Prudentopolis,BR,2021-11-01 04:28:44,-25.2131,-50.9778,59.2,96,75,3.2
159,Kataysk,RU,2021-11-01 04:28:44,56.289,62.5841,43.09,84,100,11.92
160,Ballina,AU,2021-11-01 04:25:25,-28.8667,153.5667,71.78,55,90,8.05
161,Anchorage,US,2021-11-01 04:28:45,61.2181,-149.9003,46.2,79,40,1.01
162,Nelson Bay,AU,2021-11-01 04:28:46,-32.7167,152.15,75.96,63,100,3.0
163,Luderitz,NA,2021-11-01 04:28:46,-26.6481,15.1594,61.41,68,100,7.16
164,Faya,SA,2021-11-01 04:28:47,18.3851,42.4509,54.12,50,7,6.87
165,Avarua,CK,2021-11-01 04:28:48,-21.2078,-159.775,75.25,69,75,12.66
166,Utica,US,2021-11-01 04:28:48,43.1009,-75.2327,53.89,80,54,1.99
167,Galveston,US,2021-11-01 04:28:49,29.3669,-94.9669,71.56,72,1,4.61
168,Gwanda,ZW,2021-11-01 04:28:49,-20.9333,29.0,65.05,73,0,8.99
169,Baft,IR,2021-11-01 04:28:50,29.234,56.6057,56.19,35,0,9.82
170,Mucurapo,TT,2021-11-01 04:28:50,10.6667,-61.5333,76.24,88,97,5.32
171,Kawalu,ID,2021-11-01 04:28:50,-7.3817,108.2082,83.53,74,99,2.91
172,Iqaluit,CA,2021-11-01 04:28:51,63.7506,-68.5145,28.13,79,75,5.01
173,Ambon,ID,2021-11-01 04:28:51,-3.6954,128.1814,87.94,70,40,6.91
174,Grindavik,IS,2021-11-01 04:28:52,63.8424,-22.4338,35.55,75,75,23.02
175,Xining,CN,2021-11-01 04:28:53,36.6167,101.7667,42.22,63,69,1.95
176,Dongsheng,CN,2021-11-01 04:28:53,39.8161,109.9776,44.98,33,3,9.64
177,Sawtell,AU,2021-11-01 04:28:54,-30.3833,153.1,72.19,64,90,10.36
178,Iquitos,PE,2021-11-01 04:28:54,-3.7481,-73.2472,73.44,94,90,4.61
179,Mayo,US,2021-11-01 04:28:55,38.8876,-76.5119,57.56,85,1,1.01
180,Muravlenko,RU,2021-11-01 04:28:56,63.7898,74.523,1.49,95,13,9.31
181,Mogadishu,SO,2021-11-01 04:28:56,2.0371,45.3438,80.47,89,40,11.5
182,Tiznit,MA,2021-11-01 04:28:57,29.5833,-9.5,60.64,42,0,0.36
183,Maues,BR,2021-11-01 04:28:57,-3.3836,-57.7186,75.27,90,98,1.72
184,Palamos,ES,2021-11-01 04:28:58,41.8484,3.1291,66.31,57,100,5.12
185,Tierra Colorada,MX,2021-11-01 04:28:58,17.1667,-99.5833,73.76,98,90,1.57
186,Nyurba,RU,2021-11-01 04:28:59,63.2842,118.3319,21.72,76,97,6.29
187,Lorengau,PG,2021-11-01 04:28:59,-2.0226,147.2712,83.05,79,100,10.87
188,Honiara,SB,2021-11-01 04:25:53,-9.4333,159.95,81.66,82,98,4.32
189,Narsaq,GL,2021-11-01 04:29:00,60.9167,-46.05,25.02,64,28,7.34
190,Namatanai,PG,2021-11-01 04:24:48,-3.6667,152.4333,85.5,67,70,11.63
191,Jining,CN,2021-11-01 04:29:01,35.405,116.5814,62.67,48,44,6.49
192,Lavrentiya,RU,2021-11-01 04:29:02,65.5833,-171.0,12.49,78,100,9.26
193,Fortuna,US,2021-11-01 04:29:03,40.5982,-124.1573,61.48,69,75,4.0
194,Batsfjord,NO,2021-11-01 04:29:03,70.6345,29.7185,32.22,89,85,10.02
195,Waitara,NZ,2021-11-01 04:29:04,-38.925,174.25,59.72,65,1,16.02
196,Ahuimanu,US,2021-11-01 04:29:05,21.4447,-157.8378,80.31,71,90,4.61
197,Kotelnikovo,RU,2021-11-01 04:29:05,47.6317,43.1461,47.89,79,98,11.1
198,Half Moon Bay,US,2021-11-01 04:29:06,37.4636,-122.4286,60.33,82,1,4.61
199,Brigantine,US,2021-11-01 04:29:07,39.4101,-74.3646,57.25,86,1,8.05
200,Padampur,IN,2021-11-01 04:29:07,29.6833,73.6167,79.47,18,0,7.47
201,Wahpeton,US,2021-11-01 04:29:05,46.2652,-96.6059,35.94,75,90,8.05
202,Longyearbyen,SJ,2021-11-01 04:29:08,78.2186,15.6401,33.64,75,75,19.57
203,Aviles,ES,2021-11-01 04:29:08,43.5547,-5.9248,56.73,67,0,17.27
204,Atambua,ID,2021-11-01 04:29:09,-9.1061,124.8925,87.26,53,70,4.32
205,Kungurtug,RU,2021-11-01 04:29:09,50.5994,97.5228,32.31,71,100,3.56
206,Yatou,CN,2021-11-01 04:29:10,37.15,122.3833,56.03,52,0,16.26
207,Dalby,AU,2021-11-01 04:29:10,-27.1833,151.2667,81.99,30,39,3.0
208,Foumban,CM,2021-11-01 04:29:11,5.7291,10.9001,62.1,94,73,2.62
209,Uruzgan,AF,2021-11-01 04:29:11,32.8333,66.0,49.75,44,0,7.81
210,Sitka,US,2021-11-01 04:29:12,57.0531,-135.33,48.09,43,40,8.05
211,Kuandian,CN,2021-11-01 04:29:13,40.7286,124.7847,49.98,55,5,5.39
212,Karlskrona,SE,2021-11-01 04:29:13,56.1616,15.5866,50.45,81,97,15.41
213,Gillette,US,2021-11-01 04:29:14,44.2911,-105.5022,31.24,65,90,5.75
214,Sao Bento,BR,2021-11-01 04:29:14,-6.2833,-37.75,75.36,65,17,9.15
215,Sola,VU,2021-11-01 04:29:15,-13.8833,167.55,80.94,74,16,14.65
216,Rivers,CA,2021-11-01 04:29:16,50.0308,-100.2403,29.35,74,46,7.92
217,Khandyga,RU,2021-11-01 04:29:17,62.6667,135.6,12.85,92,100,4.83
218,Eureka,US,2021-11-01 04:29:17,40.8021,-124.1637,61.75,69,100,3.0
219,Tasiilaq,GL,2021-11-01 04:29:18,65.6145,-37.6368,24.96,58,3,6.44
220,Tuatapere,NZ,2021-11-01 04:29:18,-46.1333,167.6833,55.26,74,94,11.59
221,Raudeberg,NO,2021-11-01 04:29:18,61.9875,5.1352,50.2,86,100,7.02
222,Camana,PE,2021-11-01 04:29:19,-16.6228,-72.7111,64.24,87,2,6.85
223,Bacolod,PH,2021-11-01 04:29:20,10.6667,122.95,85.98,68,24,16.53
224,Pingliang,CN,2021-11-01 04:29:20,35.5392,106.6861,47.5,78,100,8.08
225,Coquimbo,CL,2021-11-01 04:29:21,-29.9533,-71.3436,55.13,94,75,2.3
226,Katima Mulilo,NA,2021-11-01 04:29:21,-17.5,24.2667,79.34,42,73,4.12
227,Muroto,JP,2021-11-01 04:29:22,33.2833,134.15,73.44,63,63,3.4
228,Launceston,AU,2021-11-01 04:25:31,-41.45,147.1667,66.61,54,84,5.99
229,Vila,PT,2021-11-01 04:29:23,42.0304,-8.1588,45.34,95,91,3.33
230,Talnakh,RU,2021-11-01 04:29:24,69.4865,88.3972,-13.25,98,87,4.34
231,Shingu,JP,2021-11-01 04:29:24,33.7333,135.9833,74.39,65,57,4.94
232,Noyabrsk,RU,2021-11-01 04:29:25,63.1994,75.4507,1.45,96,55,10.25
233,Marawi,PH,2021-11-01 04:29:25,7.9986,124.2928,75.65,72,80,7.38
234,Saint-Augustin,CA,2021-11-01 04:28:29,51.226,-58.6502,43.43,78,100,7.05
235,Kvarkeno,RU,2021-11-01 04:29:26,52.0833,59.725,41.63,90,72,15.14
236,Along,IN,2021-11-01 04:29:27,28.1667,94.7667,76.08,50,16,0.34
237,Moron,AR,2021-11-01 04:28:05,-34.6534,-58.6198,62.29,92,91,5.99
238,Rorvik,NO,2021-11-01 04:26:08,64.8621,11.2373,47.37,73,98,19.28
239,Clyde River,CA,2021-11-01 04:29:28,70.4692,-68.5914,20.35,90,100,6.78
240,Rock Sound,BS,2021-11-01 04:29:28,24.9,-76.2,79.43,52,97,2.91
241,Santa Rosa,PH,2021-11-01 04:29:29,14.3122,121.1114,88.86,66,72,13.65
242,Pangai,TO,2021-11-01 04:29:29,-19.8,-174.35,78.91,65,20,11.5
243,Creston,US,2021-11-01 04:29:30,41.0586,-94.3614,39.85,80,1,5.75
244,Bandarbeyla,SO,2021-11-01 04:29:30,9.4942,50.8122,79.2,76,65,14.72
245,Almaznyy,RU,2021-11-01 04:25:51,48.0448,40.045,44.74,96,0,7.61
246,Kenai,US,2021-11-01 04:29:31,60.5544,-151.2583,41.09,92,90,10.36
247,Port Hedland,AU,2021-11-01 04:29:32,-20.3167,118.5667,80.65,61,90,11.5
248,San Quintin,MX,2021-11-01 04:29:32,30.4833,-115.95,61.93,86,16,6.24
249,Cayenne,GF,2021-11-01 04:29:33,4.9333,-52.3333,82.09,83,75,5.01
250,Oxford,GB,2021-11-01 04:29:33,51.7522,-1.256,49.91,86,75,3.0
251,Trofors,NO,2021-11-01 04:29:34,65.5333,13.4063,45.75,93,100,5.57
252,Kavieng,PG,2021-11-01 04:26:45,-2.5744,150.7967,85.48,69,65,14.14
253,The Pas,CA,2021-11-01 04:29:35,53.8251,-101.2541,33.82,86,90,14.97
254,Hami,CN,2021-11-01 04:29:35,42.8,93.45,53.49,40,100,4.56
255,Flin Flon,CA,2021-11-01 04:29:36,54.7682,-101.865,29.73,93,99,5.97
256,Kendal,GB,2021-11-01 04:29:36,54.3268,-2.7476,48.72,95,93,24.16
257,Nola,IT,2021-11-01 04:29:36,40.922,14.5329,61.93,93,100,2.57
258,Palana,RU,2021-11-01 04:29:37,59.1167,159.9667,14.32,90,99,5.14
259,Sinop,TR,2021-11-01 04:29:37,41.7711,34.8709,54.43,65,99,10.25
260,Comodoro Rivadavia,AR,2021-11-01 04:29:38,-45.8667,-67.5,44.46,81,0,3.44
261,Ostrovnoy,RU,2021-11-01 04:26:31,68.0531,39.5131,30.02,85,83,15.95
262,Puerto Del Rosario,ES,2021-11-01 04:29:39,28.5004,-13.8627,69.55,78,0,12.66
263,Nikolayevka,RU,2021-11-01 04:29:39,53.1257,47.2041,40.39,84,7,7.99
264,Nome,US,2021-11-01 04:29:40,64.5011,-165.4064,14.07,80,1,0.0
265,Garango,BF,2021-11-01 04:29:40,11.8,-0.5506,78.73,28,83,4.47
266,Flora,US,2021-11-01 04:29:41,38.6689,-88.4856,46.18,83,1,1.01
267,Yokadouma,CM,2021-11-01 04:29:41,3.5167,15.05,68.11,100,100,1.61
268,Mizdah,LY,2021-11-01 04:29:42,31.4451,12.9801,64.51,37,5,10.22
269,Ribeira Grande,PT,2021-11-01 04:29:42,38.5167,-28.7,70.81,87,100,7.43
270,Sheridan,US,2021-11-01 04:29:43,44.8333,-106.9173,35.98,58,90,0.0
271,Tranas,SE,2021-11-01 04:29:44,58.0372,14.9782,50.25,77,100,13.47
272,Atar,MR,2021-11-01 04:29:44,20.5169,-13.0499,78.28,20,1,6.33
273,Clovis,US,2021-11-01 04:27:22,36.8252,-119.7029,66.13,87,90,3.44
274,Marfino,RU,2021-11-01 04:29:45,55.7028,37.3822,37.54,92,5,8.95
275,Aklavik,CA,2021-11-01 04:29:46,68.2191,-135.0107,34.52,90,100,6.62
276,Maple Creek,CA,2021-11-01 04:29:36,49.9168,-109.4848,27.01,79,0,5.75
277,Rocha,UY,2021-11-01 04:29:47,-34.4833,-54.3333,64.2,98,97,4.92
278,Mubende,UG,2021-11-01 04:29:47,0.5606,31.39,60.17,99,100,0.72
279,Geraldton,AU,2021-11-01 04:29:48,-28.7667,114.6,70.21,43,58,19.57
280,Marsh Harbour,BS,2021-11-01 04:29:48,26.5412,-77.0636,76.28,63,10,5.37
281,Yulara,AU,2021-11-01 04:26:44,-25.2406,130.9889,87.64,30,0,6.91
282,Morant Bay,JM,2021-11-01 04:29:49,17.8815,-76.4093,80.22,83,23,5.88
283,Yellowknife,CA,2021-11-01 04:26:06,62.456,-114.3525,33.42,99,90,13.8
284,Pemba,MZ,2021-11-01 04:29:50,-12.974,40.5178,77.7,94,20,9.22
285,Dire Dawa,ET,2021-11-01 04:29:51,9.5931,41.8661,67.23,74,42,2.55
286,Bowen,AU,2021-11-01 04:29:51,-20.0167,148.2333,82.62,66,12,22.7
287,Macusani,PE,2021-11-01 04:29:52,-14.0833,-70.4333,38.97,92,99,2.15
288,Jhelum,PK,2021-11-01 04:29:52,32.9331,73.7264,71.37,36,4,1.77
289,Petauke,ZM,2021-11-01 04:29:53,-14.2426,31.3253,74.21,46,19,4.0
290,Dhidhdhoo,MV,2021-11-01 04:29:53,6.8833,73.1,81.0,80,100,12.64
291,Myronivka,UA,2021-11-01 04:29:54,49.6601,30.9823,38.41,86,0,7.0
292,San Ramon,US,2021-11-01 04:29:54,37.7799,-121.978,58.96,84,1,5.75
293,Summerville,US,2021-11-01 04:29:55,33.0185,-80.1757,58.8,94,1,0.0
294,Buala,SB,2021-11-01 04:29:55,-8.145,159.5921,83.34,74,79,6.4
295,Nagpur,IN,2021-11-01 04:29:56,21.15,79.1,75.22,50,6,2.3
296,Constitucion,CL,2021-11-01 04:29:56,-35.3333,-72.4167,49.84,91,68,5.88
297,Kiruna,SE,2021-11-01 04:29:57,67.8557,20.2251,29.32,100,90,0.0
298,Bilibino,RU,2021-11-01 04:29:57,68.0546,166.4372,-24.09,100,99,1.79
299,Nabire,ID,2021-11-01 04:29:58,-3.3667,135.4833,83.93,74,71,4.07
300,Svetlaya,RU,2021-11-01 04:29:58,46.5389,138.3297,40.8,82,100,4.43
301,Dhamtari,IN,2021-11-01 04:29:59,20.7072,81.5497,76.8,59,10,4.9
302,Manacapuru,BR,2021-11-01 04:29:59,-3.2997,-60.6206,77.58,90,86,2.28
303,Honningsvag,NO,2021-11-01 04:30:00,70.9821,25.9704,31.53,86,74,17.94
304,Bedford,GB,2021-11-01 04:30:00,52.1346,-0.4663,50.05,79,92,21.0
305,Rudnyy,KZ,2021-11-01 04:30:01,52.9594,63.1206,43.03,85,87,13.73
306,Fairlie,GB,2021-11-01 04:30:02,55.756,-4.8556,47.01,95,100,8.99
307,Padang,ID,2021-11-01 04:30:03,-0.9492,100.3543,86.05,73,100,4.43
308,Havoysund,NO,2021-11-01 04:30:04,70.9963,24.6622,38.28,85,95,16.13
309,Ilulissat,GL,2021-11-01 04:30:05,69.2167,-51.1,33.82,80,75,12.66
310,Saldanha,ZA,2021-11-01 04:30:06,-33.0117,17.9442,62.65,74,77,15.84
311,Kirovskiy,RU,2021-11-01 04:30:07,45.0917,133.5136,48.09,48,37,4.68
312,Yaring,TH,2021-11-01 04:30:08,6.8662,101.3689,87.84,71,94,3.69
313,Shetpe,KZ,2021-11-01 04:30:09,44.1667,52.1167,48.97,41,74,11.18
314,Kavaratti,IN,2021-11-01 04:25:26,10.5669,72.642,81.91,78,90,7.34
315,Houma,US,2021-11-01 04:25:51,29.5958,-90.7195,62.6,94,14,1.32
316,Sfantu Gheorghe,RO,2021-11-01 04:29:44,45.8667,25.7833,42.26,89,5,2.15
317,Broome,US,2021-11-01 04:30:11,42.2506,-75.833,52.66,79,75,1.99
318,Alyangula,AU,2021-11-01 04:30:11,-13.8483,136.4192,93.07,52,40,13.8
319,Lompoc,US,2021-11-01 04:25:34,34.6391,-120.4579,57.78,87,1,0.0
320,Avera,US,2021-11-01 04:30:12,33.194,-82.5271,55.71,83,0,5.64
321,Auka,HN,2021-11-01 04:30:13,14.9333,-83.8333,74.73,86,87,4.25
322,Bayonet Point,US,2021-11-01 04:30:14,28.3267,-82.6834,68.95,79,5,1.99
323,Malanville,BJ,2021-11-01 04:30:14,11.8685,3.3899,71.94,35,5,2.37
324,Santa Helena De Goias,BR,2021-11-01 04:30:15,-17.8136,-50.5969,71.31,83,68,3.38
325,Fort-Shevchenko,KZ,2021-11-01 04:30:16,44.5086,50.263,53.74,49,99,15.37
326,San Patricio,US,2021-11-01 04:30:16,28.017,-97.5169,75.81,63,0,7.65
327,Hopelchen,MX,2021-11-01 04:30:17,19.7667,-89.85,63.18,81,7,2.06
328,Tolmachevo,RU,2021-11-01 04:30:17,54.9824,82.7363,24.78,90,90,8.95
329,Batemans Bay,AU,2021-11-01 04:30:18,-35.7167,150.1833,82.2,52,67,10.29
330,Iskateley,RU,2021-11-01 04:30:19,67.6803,53.1512,6.71,94,5,2.71
331,Alanya,TR,2021-11-01 04:30:19,36.5438,31.9998,60.93,66,87,3.96
332,Rawlins,US,2021-11-01 04:29:29,41.7911,-107.2387,32.43,92,90,8.05
333,Izumo,JP,2021-11-01 04:30:20,35.3667,132.7667,69.75,52,75,10.36
334,Paamiut,GL,2021-11-01 04:30:20,61.994,-49.6678,31.03,69,92,10.63
335,Shubarkuduk,KZ,2021-11-01 04:30:21,49.1447,56.4872,43.09,56,9,9.93
336,Iralaya,HN,2021-11-01 04:30:21,15.0,-83.2333,78.91,83,96,13.2
337,Lae,PG,2021-11-01 04:30:22,-6.7221,146.9847,79.47,67,93,10.33
338,Oistins,BB,2021-11-01 04:30:23,13.0667,-59.5333,73.49,88,75,17.27
339,Luwuk,ID,2021-11-01 04:25:34,-0.9516,122.7875,87.57,65,14,3.44
340,Magadan,RU,2021-11-01 04:30:23,59.5667,150.8,13.77,56,1,2.24
341,Stornoway,GB,2021-11-01 04:30:24,58.2093,-6.3865,50.94,93,75,31.07
342,Salalah,OM,2021-11-01 04:30:25,17.0151,54.0924,77.09,57,0,1.14
343,Anito,PH,2021-11-01 04:30:25,12.4497,125.2886,84.18,72,87,11.23
344,Alihe,CN,2021-11-01 04:30:26,50.5667,123.7167,42.53,23,23,5.03
345,Hare Bay,CA,2021-11-01 04:30:26,48.8499,-54.0148,42.19,92,86,10.27
346,Stokmarknes,NO,2021-11-01 04:29:17,68.5646,14.9108,48.49,81,75,10.36
347,Grand Gaube,MU,2021-11-01 04:30:27,-20.0064,57.6608,78.39,70,1,8.99
348,Hasaki,JP,2021-11-01 04:30:27,35.7333,140.8333,70.29,69,100,4.63
349,Talhar,PK,2021-11-01 04:30:28,24.8833,68.8167,87.57,26,1,14.03
350,Palmer,US,2021-11-01 04:30:28,42.1584,-72.3287,55.0,76,20,6.91
351,Tezu,IN,2021-11-01 04:30:29,27.9167,96.1667,80.1,42,69,3.44
352,Auki,SB,2021-11-01 04:29:58,-8.7676,160.7034,80.62,83,100,5.12
353,Petropavl,KZ,2021-11-01 04:30:30,54.8753,69.1628,35.58,100,90,13.42
354,Podgorica,ME,2021-11-01 04:30:30,42.4411,19.2636,42.58,87,0,2.3
355,Wuwei,CN,2021-11-01 04:30:30,37.9281,102.6414,53.2,27,71,9.13
356,Ballitoville,ZA,2021-11-01 04:30:31,-29.539,31.2144,67.24,94,0,4.61
357,Torbay,CA,2021-11-01 04:30:31,47.6666,-52.7314,46.58,94,90,14.97
358,Quesnel,CA,2021-11-01 04:30:32,52.9999,-122.5029,21.7,86,1,0.0
359,Erzincan,TR,2021-11-01 04:30:32,39.75,39.5,43.9,93,75,2.3
360,Lebanon,US,2021-11-01 04:30:33,36.2081,-86.2911,53.65,75,75,3.44
361,Sakakah,SA,2021-11-01 04:30:34,29.9697,40.2064,69.37,34,100,10.74
362,Lasa,IT,2021-11-01 04:29:12,46.6166,10.7002,48.94,98,97,3.62
363,Lata,PT,2021-11-01 04:30:35,40.1629,-8.3327,60.93,96,100,4.99
364,Ishimbay,RU,2021-11-01 04:30:36,53.4545,56.0415,41.58,84,38,8.46
365,Vao,NC,2021-11-01 04:30:36,-22.6667,167.4833,71.73,74,23,23.13
366,Caravelas,BR,2021-11-01 04:27:07,-17.7125,-39.2481,73.85,84,49,7.07
367,Port-Gentil,GA,2021-11-01 04:30:37,-0.7193,8.7815,76.33,91,100,8.48
368,Anloga,GH,2021-11-01 04:30:38,5.7947,0.8973,79.02,80,80,14.92
369,Aalen,DE,2021-11-01 04:30:39,48.8378,10.0933,52.52,91,68,5.68
370,Paita,PE,2021-11-01 04:30:39,-5.0892,-81.1144,64.87,80,16,8.59
371,Frontera,MX,2021-11-01 04:30:40,26.9333,-101.45,70.7,56,0,3.4
372,Saint Anthony,US,2021-11-01 04:30:40,45.0205,-93.218,38.35,69,1,1.01
373,Mahon,ES,2021-11-01 04:30:41,39.8885,4.2658,72.16,83,0,10.36
374,Korla,CN,2021-11-01 04:30:41,41.7597,86.1469,54.54,22,13,4.38
375,Shelburne,CA,2021-11-01 04:30:42,44.0787,-80.2041,44.85,95,87,18.05
376,Sogne,NO,2021-11-01 04:30:42,58.0833,7.8167,53.46,86,77,12.75
377,Kathu,TH,2021-11-01 04:30:43,7.9178,98.3332,85.82,97,85,7.7
378,Makakilo City,US,2021-11-01 04:30:43,21.3469,-158.0858,79.12,70,20,8.05
379,Brokopondo,SR,2021-11-01 04:30:44,4.75,-55.1667,75.81,91,95,6.67
380,Porto Velho,BR,2021-11-01 04:27:13,-8.7619,-63.9039,77.05,88,20,2.3
381,Kawardha,IN,2021-11-01 04:30:45,22.0167,81.25,78.28,41,5,4.76
382,Oranjemund,NA,2021-11-01 04:30:45,-28.55,16.4333,60.78,75,100,10.22
383,Kadiri,IN,2021-11-01 04:30:46,14.1167,78.1667,79.92,69,99,8.81
384,Los Llanos De Aridane,ES,2021-11-01 04:30:46,28.6585,-17.9182,70.12,25,0,5.01
385,Dukat,RU,2021-11-01 04:30:47,62.55,155.55,-14.91,96,30,3.65
386,Koumac,NC,2021-11-01 04:30:47,-20.5667,164.2833,77.09,69,5,18.41
387,Sept-Iles,CA,2021-11-01 04:27:27,50.2001,-66.3821,50.52,97,90,8.01
388,Bintulu,MY,2021-11-01 04:30:48,3.1667,113.0333,88.21,74,40,5.01
389,Belmonte,BR,2021-11-01 04:28:06,-15.8631,-38.8828,77.5,88,47,7.52
390,Dingle,PH,2021-11-01 04:30:48,10.9995,122.6711,84.61,73,69,14.88
391,Cap Malheureux,MU,2021-11-01 04:30:49,-19.9842,57.6142,78.48,70,1,8.99
392,Nguru,NG,2021-11-01 04:30:49,12.8791,10.4526,77.2,20,99,7.9
393,Hambantota,LK,2021-11-01 04:30:50,6.1241,81.1185,86.34,79,40,5.75
394,Ola,RU,2021-11-01 04:30:50,59.5833,151.2833,15.28,47,1,1.81
395,Poletayevo,RU,2021-11-01 04:30:51,55.0336,61.1138,44.42,80,100,12.82
396,Ampanihy,MG,2021-11-01 04:30:51,-24.7,44.75,77.45,61,2,7.87
397,Bjornevatn,NO,2021-11-01 04:30:52,69.6672,29.9847,31.62,93,75,6.91
398,Washington,US,2021-11-01 04:26:03,47.5001,-120.5015,40.24,50,4,3.76
399,Fort Nelson,CA,2021-11-01 04:30:52,58.8053,-122.7002,18.99,79,20,0.0
400,Madona,LV,2021-11-01 04:30:53,56.8533,26.217,39.7,91,67,4.94
401,Jieshi,CN,2021-11-01 04:30:54,22.8134,115.8257,81.95,68,32,17.72
402,Portland,US,2021-11-01 04:30:49,45.5234,-122.6762,54.19,47,1,3.0
403,Loningen,DE,2021-11-01 04:30:54,52.7333,7.7667,50.63,90,67,14.67
404,Niquero,CU,2021-11-01 04:30:55,20.0431,-77.5828,76.64,88,92,9.93
405,Ukiah,US,2021-11-01 04:30:02,39.1502,-123.2078,58.15,84,90,5.75
406,College,US,2021-11-01 04:30:15,64.8569,-147.8028,46.35,40,75,9.22
407,Alofi,NU,2021-11-01 04:30:56,-19.0595,-169.9187,78.69,65,75,14.97
408,Souillac,MU,2021-11-01 04:30:56,-20.5167,57.5167,78.37,78,40,6.91
409,Srednekolymsk,RU,2021-11-01 04:30:57,67.45,153.6833,-9.99,97,48,3.56
410,Altotting,DE,2021-11-01 04:30:57,48.2333,12.6833,50.2,92,41,1.86
411,Winslow,US,2021-11-01 04:30:58,35.0242,-110.6974,54.97,45,1,1.01
412,Strezhevoy,RU,2021-11-01 04:30:58,60.7333,77.5889,-0.42,85,50,6.2
413,Isangel,VU,2021-11-01 04:30:59,-19.55,169.2667,77.05,64,74,12.82
414,Meulaboh,ID,2021-11-01 04:30:59,4.1363,96.1285,84.7,67,99,5.12
415,Togur,RU,2021-11-01 04:31:00,58.3631,82.8265,17.04,68,100,8.5
416,Yantal,RU,2021-11-01 04:31:00,56.8471,105.2542,35.1,79,100,5.93
417,Gravdal,NO,2021-11-01 04:31:01,68.1214,13.5031,46.29,100,40,11.5
418,Ginda,IN,2021-11-01 04:31:02,30.6945,78.4932,61.07,50,1,5.23
419,San Matias,BO,2021-11-01 04:31:03,-16.3667,-58.4,72.57,91,24,2.39
420,Sebastian,US,2021-11-01 04:31:03,35.1668,-94.2669,53.08,89,0,4.03
421,Kruisfontein,ZA,2021-11-01 04:31:04,-34.0033,24.7314,61.88,81,100,22.19
422,Bonavista,CA,2021-11-01 04:31:04,48.6499,-53.1147,47.12,88,90,15.73
423,Folkestone,GB,2021-11-01 04:31:05,51.0833,1.1833,51.06,93,93,11.99
424,Okhotsk,RU,2021-11-01 04:31:05,59.3833,143.3,13.42,63,21,10.74
425,Pontes E Lacerda,BR,2021-11-01 04:31:06,-15.2261,-59.3353,71.08,89,57,1.99
426,Mildura,AU,2021-11-01 04:31:06,-34.2,142.15,86.07,12,90,3.44
427,Gushikawa,JP,2021-11-01 04:31:07,26.3544,127.8686,80.19,65,20,14.97
428,Ewa Beach,US,2021-11-01 04:31:07,21.3156,-158.0072,80.55,70,75,11.01
429,Vostok,RU,2021-11-01 04:29:54,46.4856,135.8833,43.77,45,6,3.42
430,Mezen,RU,2021-11-01 04:31:08,65.8522,44.24,16.47,93,50,7.61
431,Kununurra,AU,2021-11-01 04:31:09,-15.7667,128.7333,94.98,38,51,6.91
432,Ambilobe,MG,2021-11-01 04:31:09,-13.2,49.05,83.52,60,17,3.98
433,Nakamura,JP,2021-11-01 04:31:10,32.9833,132.9333,71.46,60,77,2.75
434,Jhang,PK,2021-11-01 04:31:10,33.6748,72.6963,68.61,29,5,4.59
435,Manta,EC,2021-11-01 04:31:11,-0.95,-80.7333,73.18,88,90,10.36
436,Oktyabrskiy,RU,2021-11-01 04:31:11,54.4815,53.471,41.47,81,40,9.57
437,Kutum,SD,2021-11-01 04:31:11,14.2,24.6667,72.64,25,25,11.01
438,Zyryanka,RU,2021-11-01 04:31:12,65.75,150.85,0.18,89,17,10.09
439,Kushmurun,KZ,2021-11-01 04:31:12,52.4503,64.6311,44.96,80,92,14.03
440,Rabak,SD,2021-11-01 04:31:13,13.1809,32.74,85.78,36,56,1.01
441,West Bay,KY,2021-11-01 04:31:14,19.3667,-81.4167,82.08,67,60,3.0
442,Neman,RU,2021-11-01 04:31:14,55.0311,22.0264,43.18,73,59,11.25
443,Acapulco,MX,2021-11-01 04:31:15,16.8634,-99.8901,78.15,86,66,4.07
444,Maralal,KE,2021-11-01 04:31:15,1.0968,36.698,63.84,62,42,9.1
445,Radnevo,BG,2021-11-01 04:31:16,42.3,25.9333,55.71,82,95,2.91
446,Koutsouras,GR,2021-11-01 04:31:16,35.0339,25.9469,65.1,73,72,11.79
447,Soyo,AO,2021-11-01 04:31:17,-6.1349,12.3689,77.02,82,100,10.89
448,Mount Gambier,AU,2021-11-01 04:31:18,-37.8333,140.7667,71.51,33,2,6.91
449,Lagoa,PT,2021-11-01 04:31:18,39.05,-27.9833,68.36,91,100,9.71
450,Cockburn Town,TC,2021-11-01 04:31:19,21.4612,-71.1419,81.79,68,98,9.98
451,Kenora,CA,2021-11-01 04:30:36,49.8167,-94.4337,35.58,93,90,9.22
452,Vardo,NO,2021-11-01 04:31:20,70.3705,31.1107,32.2,76,96,17.76
453,Chokwe,MZ,2021-11-01 04:31:20,-24.5333,32.9833,72.99,68,0,2.24
454,Gasa,PS,2021-11-01 04:31:21,31.5,34.4667,72.91,49,100,2.68
455,Matagami,CA,2021-11-01 04:29:19,49.7502,-77.6328,37.51,100,90,9.22
456,Angoche,MZ,2021-11-01 04:31:22,-16.2325,39.9086,81.7,68,4,13.2
457,Ucluelet,CA,2021-11-01 04:31:23,48.9329,-125.5528,52.09,61,0,11.05
458,Marzuq,YE,2021-11-01 04:31:23,14.4,46.4667,69.6,45,15,6.46
459,Sol-Iletsk,RU,2021-11-01 04:31:24,51.1631,54.9918,42.69,81,33,11.52
460,Kismayo,SO,2021-11-01 04:31:24,-0.3582,42.5454,81.19,72,30,16.13
461,Khakhea,BW,2021-11-01 04:31:25,-24.6895,23.494,71.89,23,0,8.68
462,Abu Kamal,SY,2021-11-01 04:31:26,34.4506,40.9171,70.47,55,71,11.1
463,Ankang,CN,2021-11-01 04:31:26,32.68,109.0172,61.66,86,100,2.19
464,Chicama,PE,2021-11-01 04:31:27,-7.8447,-79.1469,59.54,79,20,4.29
465,Labuhan,ID,2021-11-01 04:31:28,-6.8844,112.2051,81.75,75,100,7.31
466,Lucea,JM,2021-11-01 04:31:28,18.451,-78.1736,76.86,78,26,2.06
467,Nan,TH,2021-11-01 04:31:28,18.8333,100.6667,82.42,74,40,5.75
468,Mocuba,MZ,2021-11-01 04:31:29,-16.8392,36.9856,79.07,73,99,1.03
469,Athabasca,CA,2021-11-01 04:31:29,54.7169,-113.2854,26.42,56,4,6.15
470,Kasama,ZM,2021-11-01 04:31:30,-10.2129,31.1808,72.14,62,89,0.67
471,Bolkhov,RU,2021-11-01 04:31:30,53.4433,36.0044,36.86,80,0,6.38
472,Buritis,BR,2021-11-01 04:31:31,-15.6178,-46.4233,72.72,79,99,2.59
473,Rudabanya,HU,2021-11-01 04:31:32,48.3833,20.6333,31.23,86,0,2.42
474,Grafton,US,2021-11-01 04:31:32,42.207,-71.6856,54.63,81,39,1.99
475,Zverinogolovskoye,RU,2021-11-01 04:31:33,54.4586,64.8542,44.44,84,100,13.04
476,Yeppoon,AU,2021-11-01 04:31:33,-23.1333,150.7333,78.58,61,72,18.77
477,Ughelli,NG,2021-11-01 04:31:34,5.4899,6.0074,74.35,97,57,1.97
478,Aswan,EG,2021-11-01 04:31:34,24.0934,32.907,80.4,32,91,7.31
479,Whitehorse,CA,2021-11-01 04:30:36,60.7161,-135.0538,33.03,64,75,15.01
480,Bilma,NE,2021-11-01 04:31:35,18.6853,12.9164,73.8,24,29,14.52
481,Kuching,MY,2021-11-01 04:31:35,1.55,110.3333,88.02,70,40,4.61
482,Karratha,AU,2021-11-01 04:31:36,-20.7377,116.8463,80.46,49,4,16.33
483,Diffa,NE,2021-11-01 04:31:36,13.3154,12.6113,78.22,30,83,10.36
484,Hohhot,CN,2021-11-01 04:28:07,40.8106,111.6522,46.69,36,0,4.47
485,Kizlyar,RU,2021-11-01 04:31:37,43.8469,46.715,57.56,83,100,9.78
486,Tutoia,BR,2021-11-01 04:29:11,-2.7619,-42.2744,78.39,87,98,12.01
487,Sydney Mines,CA,2021-11-01 04:31:38,46.2367,-60.2177,55.49,95,90,13.0
488,Shiyan,CN,2021-11-01 04:31:38,32.6475,110.7781,61.2,65,100,7.05
489,Hamilton,US,2021-11-01 04:30:13,39.1834,-84.5333,52.05,81,90,1.99
490,Kattivakkam,IN,2021-11-01 04:31:39,13.2167,80.3167,78.89,86,100,15.79
491,Homer,US,2021-11-01 04:31:40,59.6425,-151.5483,44.49,86,90,8.05
492,Songjianghe,CN,2021-11-01 04:31:40,42.1859,127.479,34.81,99,100,2.91
493,Russell,US,2021-11-01 04:30:36,32.3502,-85.1999,53.2,90,1,0.0
494,Maxixe,MZ,2021-11-01 04:31:41,-23.8597,35.3472,67.82,83,20,0.0
495,Cururupu,BR,2021-11-01 04:31:42,-1.8283,-44.8683,75.74,90,57,3.85
496,Baldwin,US,2021-11-01 04:31:42,30.7505,-87.7667,58.48,85,0,3.85
497,Nara,JP,2021-11-01 04:31:43,34.6851,135.8049,74.91,49,99,3.04
498,Borgarnes,IS,2021-11-01 04:31:43,64.5383,-21.9206,35.65,77,62,13.62
499,Trelew,AR,2021-11-01 04:31:44,-43.249,-65.3051,46.99,79,67,11.77
500,Soure,BR,2021-11-01 04:31:44,-0.7167,-48.5233,79.75,84,63,9.89
501,Inuvik,CA,2021-11-01 04:29:15,68.3499,-133.7218,34.56,69,75,6.91
502,Bela Vista Do Paraiso,BR,2021-11-01 04:31:45,-22.9967,-51.1906,65.44,95,17,5.68
503,Wyndham,US,2021-11-01 04:31:46,37.6985,-77.6125,53.98,90,1,0.0
504,Margate,GB,2021-11-01 04:31:46,51.3813,1.3862,51.51,74,77,4.0
505,Coahuayana,MX,2021-11-01 04:31:47,18.7333,-103.6833,75.02,87,18,2.73
506,Oriximina,BR,2021-11-01 04:31:47,-1.7656,-55.8661,75.15,88,65,2.75
507,Gladstone,AU,2021-11-01 04:31:48,-23.85,151.25,81.79,50,40,18.41
508,Guarne,CO,2021-11-01 04:31:48,6.2805,-75.4435,56.59,100,75,0.0
509,Novosibirsk,RU,2021-11-01 04:31:43,55.0411,82.9344,24.73,97,90,5.82
510,Progreso,MX,2021-11-01 04:31:49,21.2833,-89.6667,73.02,66,6,8.55
511,Aquiraz,BR,2021-11-01 04:31:49,-3.9014,-38.3911,84.22,67,73,11.52
512,Christchurch,NZ,2021-11-01 04:27:45,-43.5333,172.6333,61.32,67,54,8.01
513,Maniitsoq,GL,2021-11-01 04:28:32,65.4167,-52.9,35.64,99,99,11.95
514,Mercedes,AR,2021-11-01 04:31:50,-34.6515,-59.4307,60.84,82,85,11.65
515,Bonito,BR,2021-11-01 04:31:51,-21.1211,-56.4819,71.15,84,35,3.62
516,Binghamton,US,2021-11-01 04:29:32,42.0987,-75.918,52.18,87,75,1.01
517,Borovoy,RU,2021-11-01 04:31:52,55.4333,86.0833,24.08,80,90,13.42
518,Nantai,CN,2021-11-01 04:31:52,40.9241,122.8044,45.72,48,2,10.78
519,Naron,ES,2021-11-01 04:31:53,43.5167,-8.1528,56.25,77,39,9.57
520,Pacific Grove,US,2021-11-01 04:30:53,36.6177,-121.9166,59.29,82,90,1.01
521,Touros,BR,2021-11-01 04:31:53,-5.1989,-35.4608,81.5,78,70,14.2
522,Acarau,BR,2021-11-01 04:27:41,-2.8856,-40.12,79.93,78,45,13.8
523,Samarai,PG,2021-11-01 04:31:19,-10.6167,150.6667,83.64,78,100,15.03
524,Daru,PG,2021-11-01 04:31:54,-9.0763,143.2092,82.45,86,100,15.46
525,Krasnoarmeyskoye,RU,2021-11-01 04:31:55,52.7182,50.0322,43.74,76,11,9.35
526,Charlestown,AU,2021-11-01 04:28:42,-32.95,151.6667,79.02,55,100,1.99
527,Itarema,BR,2021-11-01 04:31:56,-2.9248,-39.9167,80.33,76,57,13.44
528,La Paz,BO,2021-11-01 04:31:56,-16.5,-68.15,46.38,87,75,5.75
529,Port Blair,IN,2021-11-01 04:31:57,11.6667,92.75,84.56,71,54,10.83
530,Sovetskiy,RU,2021-11-01 04:31:57,61.3614,63.5842,16.9,87,99,7.56
531,Jimma,ET,2021-11-01 04:31:58,7.6667,36.8333,61.5,71,28,1.63
532,Otjimbingwe,NA,2021-11-01 04:31:59,-22.35,16.1333,63.27,30,0,2.04
533,Aksehir,TR,2021-11-01 04:32:00,38.3575,31.4164,53.1,77,100,5.3
534,Sioux Lookout,CA,2021-11-01 04:32:00,50.1001,-91.917,32.38,93,90,9.22
535,Arlit,NE,2021-11-01 04:32:01,18.7369,7.3853,77.77,23,36,6.26
536,Tevaitoa,PF,2021-11-01 04:32:01,-16.7833,-151.5,79.12,72,86,16.75
537,Yerbogachen,RU,2021-11-01 04:32:02,61.2767,108.0108,25.61,92,100,5.26
538,Cabedelo,BR,2021-11-01 04:32:03,-6.9811,-34.8339,77.67,74,54,11.59
539,Suez,EG,2021-11-01 04:32:03,29.9737,32.5263,75.7,53,100,1.86
540,Hirara,JP,2021-11-01 04:32:04,24.8,125.2833,82.26,69,40,9.22
541,Leh,IN,2021-11-01 04:32:04,34.1667,77.5833,28.69,49,98,2.86
542,Warmbad,NA,2021-11-01 04:32:05,-28.45,18.7333,55.53,66,46,19.57
543,Nea Iraklitsa,GR,2021-11-01 04:32:06,40.8644,24.3158,56.62,71,79,3.44
544,Berdigestyakh,RU,2021-11-01 04:32:06,62.0989,126.6992,18.95,80,98,2.55
545,Shitanjing,CN,2021-11-01 04:32:07,39.2342,106.3439,45.93,39,100,5.48
546,Sukumo,JP,2021-11-01 04:32:07,32.9333,132.7333,72.12,56,78,4.81
547,Pahrump,US,2021-11-01 04:32:08,36.2083,-115.9839,71.19,32,85,6.93
548,Aksu,CN,2021-11-01 04:32:09,41.1231,80.2644,52.97,23,2,3.18
549,Wamba,NG,2021-11-01 04:32:09,8.9333,8.6,71.19,77,49,2.95
550,Tuskegee,US,2021-11-01 04:32:10,32.424,-85.6916,53.4,100,0,4.52
551,Bagdarin,RU,2021-11-01 04:32:10,54.4333,113.6,32.4,58,23,3.76
552,Isiro,CD,2021-11-01 04:32:11,2.7739,27.616,67.21,99,100,2.37
553,Xiaoweizhai,CN,2021-11-01 04:32:12,26.1903,107.5125,56.23,96,100,2.04
554,Banff,CA,2021-11-01 04:32:12,51.1762,-115.5698,21.49,92,1,1.14
555,Copperas Cove,US,2021-11-01 04:32:13,31.1241,-97.9031,64.08,66,1,5.75
556,Tayginka,RU,2021-11-01 04:32:13,55.6244,60.5076,44.15,84,100,11.74
557,The Valley,AI,2021-11-01 04:32:14,18.217,-63.0578,81.1,68,3,13.24
558,Banda Aceh,ID,2021-11-01 04:32:14,5.5577,95.3222,84.45,69,82,2.57
559,Acari,PE,2021-11-01 04:32:15,-15.4311,-74.6158,68.63,66,70,1.34
560,Jijiga,ET,2021-11-01 04:32:15,9.35,42.8,64.67,64,43,13.18
561,Zhezkazgan,KZ,2021-11-01 04:32:16,47.8043,67.7144,45.55,64,100,17.34
