City_ID,City,Country,Date,Lat,Lng,Max Temp,Humidity,Cloudiness,Wind Speed,Current Description
0,Kuching,MY,2022-10-19 01:06:41,1.55,110.3333,79.02,94,20,0.0,few clouds
1,Airai,TL,2022-10-19 01:06:41,-8.9266,125.4092,73.99,60,100,0.87,overcast clouds
2,Hithadhoo,MV,2022-10-19 01:06:41,-0.6,73.0833,81.07,71,100,8.43,overcast clouds
3,Felanitx,ES,2022-10-19 01:05:22,39.4696,3.1483,68.13,90,100,0.65,overcast clouds
4,Salalah,OM,2022-10-19 01:06:42,17.0151,54.0924,71.69,53,0,2.3,clear sky
5,Qaqortoq,GL,2022-10-19 01:06:43,60.7167,-46.0333,37.2,86,100,14.34,light rain
6,Moron,AR,2022-10-19 01:00:16,-34.6534,-58.6198,67.01,79,51,9.84,broken clouds
7,Busselton,AU,2022-10-19 01:06:43,-33.65,115.3333,65.26,57,9,7.4,clear sky
8,Lagoa,PT,2022-10-19 01:06:44,39.05,-27.9833,63.84,60,99,32.7,light rain
9,Butaritari,KI,2022-10-19 01:06:44,3.0707,172.7902,81.41,70,91,16.67,overcast clouds
10,Jamestown,US,2022-10-19 01:04:07,42.097,-79.2353,37.04,92,100,13.8,overcast clouds
11,Rikitea,PF,2022-10-19 01:06:45,-23.1203,-134.9692,69.94,60,0,17.43,clear sky
12,Ostrovnoy,RU,2022-10-19 01:06:45,68.0531,39.5131,39.27,67,85,23.31,overcast clouds
13,Tiarei,PF,2022-10-19 01:06:45,-17.5333,-149.3333,82.0,82,9,14.29,light rain
14,Mahebourg,MU,2022-10-19 01:06:46,-20.4081,57.7,70.09,78,40,6.91,scattered clouds
15,Hervey Bay,AU,2022-10-19 01:05:52,-25.2986,152.8535,71.02,89,100,8.01,moderate rain
16,Pemangkat,ID,2022-10-19 01:06:46,1.1667,108.9667,79.63,85,100,4.25,overcast clouds
17,Luderitz,NA,2022-10-19 01:06:47,-26.6481,15.1594,61.38,79,6,12.08,clear sky
18,Bethel,US,2022-10-19 01:06:47,41.3712,-73.414,48.76,79,6,6.96,clear sky
19,Padang,ID,2022-10-19 01:06:48,-0.9492,100.3543,80.65,85,100,2.39,overcast clouds
20,Torbay,CA,2022-10-19 01:05:38,47.6666,-52.7314,52.75,96,88,5.99,light rain
21,Constitucion,CL,2022-10-19 01:03:15,-35.3333,-72.4167,50.4,88,3,2.01,clear sky
22,New Norfolk,AU,2022-10-19 01:06:48,-42.7826,147.0587,65.71,41,90,7.0,overcast clouds
23,Marsaxlokk,MT,2022-10-19 01:06:49,35.8419,14.5431,68.07,88,0,2.3,clear sky
24,Hambantota,LK,2022-10-19 01:06:49,6.1241,81.1185,77.34,94,100,5.75,overcast clouds
25,Bluff,NZ,2022-10-19 01:06:50,-46.6,168.3333,56.8,64,100,20.49,overcast clouds
26,Cidreira,BR,2022-10-19 01:06:50,-30.1811,-50.2056,64.76,95,100,14.52,overcast clouds
27,Ushuaia,AR,2022-10-19 01:06:50,-54.8,-68.3,42.46,61,20,6.91,few clouds
28,Viedma,AR,2022-10-19 00:58:00,-40.8135,-62.9967,54.79,79,40,13.91,scattered clouds
29,East London,ZA,2022-10-19 01:06:51,-33.0153,27.9116,69.6,90,100,2.46,light rain
30,Punta Arenas,CL,2022-10-19 01:06:51,-53.15,-70.9167,44.71,53,0,19.57,clear sky
31,Saint-Philippe,RE,2022-10-19 01:06:52,-21.3585,55.7679,67.59,79,43,9.75,scattered clouds
32,Golden,US,2022-10-19 01:04:00,39.7555,-105.2211,58.37,38,0,1.99,clear sky
33,Miles City,US,2022-10-19 00:55:22,46.4083,-105.8406,59.68,34,13,4.72,few clouds
34,San Juan,AR,2022-10-19 01:06:53,-31.5375,-68.5364,58.66,62,97,14.0,overcast clouds
35,Nikolskoye,RU,2022-10-19 01:06:53,59.7035,30.7861,44.49,96,100,4.18,overcast clouds
36,Haimen,CN,2022-10-19 01:06:53,23.1935,116.6142,68.76,59,93,19.75,overcast clouds
37,Kapaa,US,2022-10-19 01:06:54,22.0752,-159.319,84.18,68,100,9.22,overcast clouds
38,Hermanus,ZA,2022-10-19 01:06:54,-34.4187,19.2345,62.8,93,4,8.86,clear sky
39,Okhotsk,RU,2022-10-19 01:06:55,59.3833,143.3,25.66,45,0,23.67,clear sky
40,Ribeira Grande,PT,2022-10-19 01:06:55,38.5167,-28.7,61.77,63,98,8.99,overcast clouds
41,Gazli,UZ,2022-10-19 01:06:56,40.1333,63.45,54.54,43,100,14.83,overcast clouds
42,Nha Trang,VN,2022-10-19 01:06:56,12.25,109.1833,78.8,76,68,3.53,broken clouds
43,Beloha,MG,2022-10-19 01:06:56,-25.1667,45.05,66.81,81,64,11.16,broken clouds
44,Ilheus,BR,2022-10-19 01:02:27,-14.7889,-39.0494,72.55,88,9,5.32,clear sky
45,Oum Hadjer,TD,2022-10-19 01:06:57,13.2954,19.6966,80.58,22,0,9.15,clear sky
46,Arraial Do Cabo,BR,2022-10-19 01:05:09,-22.9661,-42.0278,72.36,91,100,18.99,overcast clouds
47,Upernavik,GL,2022-10-19 01:06:58,72.7868,-56.1549,27.82,74,100,11.12,overcast clouds
48,Cerrito,CO,2022-10-19 01:06:58,6.8432,-72.694,54.73,91,100,3.31,overcast clouds
49,Norman Wells,CA,2022-10-19 01:06:58,65.282,-126.8329,37.72,93,100,4.94,overcast clouds
50,Saint-Augustin,CA,2022-10-19 01:06:59,51.226,-58.6502,49.24,85,100,4.56,overcast clouds
51,Sur,OM,2022-10-19 01:06:59,22.5667,59.5289,80.98,33,100,5.26,overcast clouds
52,Bredasdorp,ZA,2022-10-19 01:07:00,-34.5322,20.0403,59.23,98,17,4.14,few clouds
53,Nouakchott,MR,2022-10-19 00:58:11,18.0858,-15.9785,80.53,70,7,5.5,clear sky
54,Vao,NC,2022-10-19 01:07:00,-22.6667,167.4833,72.14,66,89,11.72,overcast clouds
55,Vaini,TO,2022-10-19 01:07:01,-21.2,-175.2,77.18,80,100,14.9,overcast clouds
56,Yellowknife,CA,2022-10-19 01:02:04,62.456,-114.3525,42.57,75,100,3.94,overcast clouds
57,Touros,BR,2022-10-19 01:07:01,-5.1989,-35.4608,77.59,78,27,16.17,scattered clouds
58,Atuona,PF,2022-10-19 01:07:02,-9.8,-139.0333,76.95,68,0,12.15,clear sky
59,Port Hedland,AU,2022-10-19 01:07:02,-20.3167,118.5667,86.05,28,0,5.75,clear sky
60,Uyuni,BO,2022-10-19 01:07:03,-20.4597,-66.825,44.35,17,0,6.06,clear sky
61,Celestun,MX,2022-10-19 01:07:03,20.8667,-90.4,77.27,88,100,9.57,light rain
62,Victoria,HK,2022-10-19 01:06:17,22.2855,114.1577,73.45,49,98,18.01,overcast clouds
63,Opuwo,NA,2022-10-19 01:07:03,-18.0607,13.84,66.9,25,0,3.89,clear sky
64,Albany,US,2022-10-19 01:05:35,42.6001,-73.9662,45.63,82,6,6.08,clear sky
65,Puerto Ayora,EC,2022-10-19 01:03:13,-0.7393,-90.3518,67.55,90,49,4.0,scattered clouds
66,Avera,US,2022-10-19 01:07:04,33.194,-82.5271,46.45,34,0,11.59,clear sky
67,Coihaique,CL,2022-10-19 01:07:05,-45.5752,-72.0662,57.81,62,100,3.44,overcast clouds
68,Mataura,NZ,2022-10-19 01:07:05,-46.1927,168.8643,56.48,39,100,9.4,overcast clouds
69,Bambous Virieux,MU,2022-10-19 01:07:06,-20.3428,57.7575,70.05,78,40,6.91,scattered clouds
70,Tuktoyaktuk,CA,2022-10-19 01:07:06,69.4541,-133.0374,25.65,94,22,5.28,few clouds
71,Kalmunai,LK,2022-10-19 01:07:07,7.4167,81.8167,79.56,78,100,1.79,overcast clouds
72,Blagodarnyy,RU,2022-10-19 01:07:07,45.0978,43.4364,48.72,92,3,5.06,clear sky
73,Yarada,IN,2022-10-19 01:07:08,17.65,83.2667,80.92,94,75,2.3,mist
74,Alugan,PH,2022-10-19 01:07:08,12.2188,125.4808,82.63,75,100,4.97,overcast clouds
75,Le Port,RE,2022-10-19 01:07:09,-20.9373,55.2919,68.0,72,29,4.12,scattered clouds
76,Zheshart,RU,2022-10-19 01:07:09,62.0731,49.5733,38.55,91,100,7.02,overcast clouds
77,Pevek,RU,2022-10-19 01:07:10,69.7008,170.3133,15.62,84,100,3.49,overcast clouds
78,San Quintin,MX,2022-10-19 01:07:10,30.4833,-115.95,70.9,74,5,8.5,clear sky
79,Graaff-Reinet,ZA,2022-10-19 01:07:11,-32.2522,24.5308,66.92,75,100,7.92,overcast clouds
80,Nemuro,JP,2022-10-19 01:07:11,43.3236,145.575,49.89,60,2,14.41,clear sky
81,Aklavik,CA,2022-10-19 01:07:12,68.2191,-135.0107,26.15,95,84,3.96,broken clouds
82,Gat,IL,2022-10-19 01:04:29,31.61,34.7642,68.68,73,2,4.07,clear sky
83,Cabo San Lucas,MX,2022-10-19 01:07:12,22.8909,-109.9124,81.7,69,20,10.36,few clouds
84,Sao Felix Do Xingu,BR,2022-10-19 01:07:13,-6.6447,-51.995,74.77,88,28,1.43,light rain
85,Olinda,BR,2022-10-19 00:57:52,-8.0089,-34.8553,80.33,19,40,8.05,scattered clouds
86,Carnarvon,AU,2022-10-19 01:07:13,-24.8667,113.6333,71.96,64,0,7.29,clear sky
87,Avarua,CK,2022-10-19 01:07:14,-21.2078,-159.775,78.85,57,20,20.71,few clouds
88,Cilegon,ID,2022-10-19 01:07:14,-6.0174,106.0538,81.1,75,100,3.13,overcast clouds
89,Komsomolskiy,UZ,2022-10-19 01:07:15,40.4272,71.7189,54.32,87,75,4.61,broken clouds
90,Alice Springs,AU,2022-10-19 01:07:15,-23.7,133.8833,71.15,49,40,10.36,scattered clouds
91,Kavieng,PG,2022-10-19 01:07:15,-2.5744,150.7967,85.23,64,90,14.18,overcast clouds
92,Peniche,PT,2022-10-19 01:07:16,39.3558,-9.3811,69.3,92,5,21.97,clear sky
93,Port Alfred,ZA,2022-10-19 01:07:16,-33.5906,26.891,68.18,97,100,1.01,overcast clouds
94,Verkhnyaya Inta,RU,2022-10-19 01:07:17,65.9811,60.3094,37.8,86,100,14.07,overcast clouds
95,Qaanaaq,GL,2022-10-19 01:07:17,77.484,-69.3632,5.09,87,98,5.08,overcast clouds
96,Hofn,IS,2022-10-19 00:57:55,64.2539,-15.2082,43.3,63,99,2.48,overcast clouds
97,Barrow,US,2022-10-19 01:04:16,71.2906,-156.7887,26.62,86,100,16.11,light snow
98,Tasiilaq,GL,2022-10-19 01:07:18,65.6145,-37.6368,37.56,88,78,2.53,broken clouds
99,San Joaquin,US,2022-10-19 00:57:47,37.9333,-121.3011,83.19,45,73,4.81,broken clouds
100,Thompson,CA,2022-10-19 01:04:28,55.7435,-97.8558,35.89,72,100,9.24,overcast clouds
101,Cherskiy,RU,2022-10-19 01:07:18,68.75,161.3,12.29,85,100,8.34,overcast clouds
102,Taksimo,RU,2022-10-19 00:58:02,56.3444,114.8794,29.26,74,100,0.56,overcast clouds
103,Moba,CN,2022-10-19 01:07:19,33.2288,105.0179,49.06,88,98,6.53,overcast clouds
104,Valparaiso,CL,2022-10-19 01:07:19,-33.0393,-71.6273,51.44,87,40,3.44,scattered clouds
105,Cape Town,ZA,2022-10-19 01:07:20,-33.9258,18.4232,61.12,88,1,3.56,clear sky
106,Vilani,LV,2022-10-19 01:07:20,56.5525,26.9245,46.22,96,88,9.53,overcast clouds
107,Voh,NC,2022-10-19 01:07:21,-20.9667,164.7,84.56,52,100,5.97,overcast clouds
108,Ponta Do Sol,PT,2022-10-19 01:07:21,32.6667,-17.1,73.71,79,100,10.33,overcast clouds
109,Vestmannaeyjar,IS,2022-10-19 00:58:52,63.4427,-20.2734,44.58,75,100,14.83,overcast clouds
110,Narsaq,GL,2022-10-19 01:07:22,60.9167,-46.05,39.42,91,100,12.35,light rain
111,Hobart,AU,2022-10-19 01:02:34,-42.8794,147.3294,67.05,64,20,9.22,few clouds
112,Babanka,UA,2022-10-19 01:07:22,48.7097,30.4483,48.94,58,98,10.31,overcast clouds
113,Half Moon Bay,US,2022-10-19 00:58:58,37.4636,-122.4286,81.48,61,0,9.84,clear sky
114,Tamandare,BR,2022-10-19 01:07:23,-8.7597,-35.1047,74.61,86,19,10.6,few clouds
115,Hutang,CN,2022-10-19 01:07:23,31.5333,119.4833,59.67,47,0,8.05,clear sky
116,La Reforma,MX,2022-10-19 01:07:24,25.0833,-108.05,78.3,59,1,7.16,clear sky
117,Faanui,PF,2022-10-19 01:07:24,-16.4833,-151.75,77.45,79,27,14.58,moderate rain
118,Georgetown,MY,2022-10-19 01:07:24,5.4112,100.3354,83.89,80,20,5.75,few clouds
119,Conceicao Do Araguaia,BR,2022-10-19 01:07:25,-8.2578,-49.2647,81.48,36,41,1.99,scattered clouds
120,Ancud,CL,2022-10-19 01:07:25,-41.8697,-73.8203,48.94,92,23,2.37,few clouds
121,Leningradskiy,RU,2022-10-19 01:07:26,69.3833,178.4167,13.21,82,100,8.61,overcast clouds
122,Belmonte,BR,2022-10-19 01:07:26,-15.8631,-38.8828,73.98,81,0,6.4,clear sky
123,Saskylakh,RU,2022-10-19 01:07:26,71.9167,114.0833,22.1,92,100,17.47,light snow
124,Castro,BR,2022-10-19 01:07:27,-24.7911,-50.0119,58.46,99,100,4.47,light rain
125,Whyalla,AU,2022-10-19 01:07:27,-33.0333,137.5833,62.37,62,100,14.58,moderate rain
126,Bollnas,SE,2022-10-19 01:07:28,61.3482,16.3946,39.85,72,16,10.63,few clouds
127,Fortuna,US,2022-10-19 01:07:28,40.5982,-124.1573,64.9,82,0,6.91,clear sky
128,Puerto Escondido,MX,2022-10-19 01:05:51,15.85,-97.0667,78.64,84,100,15.61,overcast clouds
129,Khorinsk,RU,2022-10-19 01:07:29,52.1657,109.7726,33.51,70,10,3.6,clear sky
130,Naze,JP,2022-10-19 01:07:29,28.3667,129.4833,69.94,76,100,19.28,overcast clouds
131,Lashio,MM,2022-10-19 00:57:35,22.9333,97.75,66.24,79,8,0.94,clear sky
132,Geraldton,AU,2022-10-19 01:02:37,-28.7667,114.6,73.81,28,0,9.22,clear sky
133,Kysyl-Syr,RU,2022-10-19 01:07:31,63.8986,122.7617,25.11,92,100,3.13,overcast clouds
134,Shieli,KZ,2022-10-19 01:07:31,44.1667,66.75,46.69,45,100,8.79,overcast clouds
135,Mattru,SL,2022-10-19 01:07:32,7.6244,-11.8332,72.79,98,84,1.66,light rain
136,Gushikawa,JP,2022-10-19 01:07:32,26.3544,127.8686,76.23,67,100,17.27,overcast clouds
137,Srandakan,ID,2022-10-19 00:59:54,-7.9386,110.2506,78.87,82,100,2.46,overcast clouds
138,Migori,KE,2022-10-19 01:07:33,-1.0634,34.4731,64.67,82,100,2.98,overcast clouds
139,Okha,RU,2022-10-19 01:07:33,53.5739,142.9478,36.9,55,88,22.79,overcast clouds
140,Nome,US,2022-10-19 01:07:34,64.5011,-165.4064,35.67,93,100,0.0,mist
141,Henties Bay,NA,2022-10-19 01:07:34,-22.116,14.2845,58.32,91,11,6.33,few clouds
142,Longyearbyen,SJ,2022-10-19 01:07:35,78.2186,15.6401,21.04,63,40,18.41,scattered clouds
143,Pachino,IT,2022-10-19 01:07:35,36.7186,15.0907,66.94,76,0,2.3,clear sky
144,Warwick,US,2022-10-19 01:06:45,41.7001,-71.4162,54.09,69,0,6.91,clear sky
145,Khatanga,RU,2022-10-19 01:07:36,71.9667,102.5,16.59,88,97,17.65,overcast clouds
146,San Patricio,US,2022-10-19 00:58:19,28.017,-97.5169,65.86,27,99,9.95,overcast clouds
147,Hilo,US,2022-10-19 01:04:02,19.7297,-155.09,85.28,76,0,9.22,clear sky
148,Hay River,CA,2022-10-19 00:58:03,60.8156,-115.7999,48.18,66,75,2.3,broken clouds
149,Praya,CV,2022-10-19 01:07:37,14.9215,-23.5087,81.14,61,20,11.5,few clouds
150,Zapolyarnyy,RU,2022-10-19 01:07:38,69.4154,30.8136,33.08,90,96,13.42,overcast clouds
151,Richards Bay,ZA,2022-10-19 01:04:43,-28.783,32.0377,71.1,92,100,7.0,overcast clouds
152,Nisia Floresta,BR,2022-10-19 01:07:38,-6.0911,-35.2086,76.01,79,29,9.91,scattered clouds
153,Tezu,IN,2022-10-19 01:07:39,27.9167,96.1667,70.86,69,1,1.32,clear sky
154,Kaitangata,NZ,2022-10-19 01:07:39,-46.2817,169.8464,58.19,40,100,10.22,overcast clouds
155,Kodiak,US,2022-10-19 01:07:39,57.79,-152.4072,45.91,81,100,13.8,moderate rain
156,Baoro,CF,2022-10-19 01:07:40,5.6667,15.9667,66.9,95,100,1.81,overcast clouds
157,Wanning,CN,2022-10-19 01:07:40,18.8003,110.3967,70.68,94,100,28.39,moderate rain
158,Alta Floresta,BR,2022-10-19 01:07:41,-9.8756,-56.0861,73.72,83,37,1.77,scattered clouds
159,West Wendover,US,2022-10-19 01:04:59,40.7391,-114.0733,64.47,22,90,2.42,overcast clouds
160,Lincoln,US,2022-10-19 01:02:59,40.8,-96.667,37.56,40,0,4.61,clear sky
161,Carutapera,BR,2022-10-19 01:07:41,-1.195,-46.02,79.48,78,12,9.64,few clouds
162,Bandarbeyla,SO,2022-10-19 00:59:25,9.4942,50.8122,77.2,84,0,10.33,clear sky
163,Hami,CN,2022-10-19 01:07:42,42.8,93.45,55.67,22,72,7.67,broken clouds
164,Tiksi,RU,2022-10-19 01:07:42,71.6872,128.8694,10.63,90,100,7.85,overcast clouds
165,Vila Franca Do Campo,PT,2022-10-19 01:07:43,37.7167,-25.4333,63.01,60,93,19.93,overcast clouds
166,Nyzhni Sirohozy,UA,2022-10-19 01:07:43,46.8484,34.3804,48.02,61,8,4.12,clear sky
167,Rawson,AR,2022-10-19 01:07:44,-43.3002,-65.1023,68.88,35,0,26.98,clear sky
168,Banda Aceh,ID,2022-10-19 01:07:44,5.5577,95.3222,80.04,79,100,15.03,overcast clouds
169,Cabedelo,BR,2022-10-19 01:07:44,-6.9811,-34.8339,77.67,77,99,13.87,overcast clouds
170,Batagay-Alyta,RU,2022-10-19 01:07:45,67.8006,130.4114,2.97,82,29,2.71,scattered clouds
171,San Juan Del Sur,NI,2022-10-19 01:07:45,11.2529,-85.8705,78.21,85,49,6.17,scattered clouds
172,Sosnovo-Ozerskoye,RU,2022-10-19 01:07:45,52.5249,111.5418,30.67,74,13,11.03,few clouds
173,Esperance,AU,2022-10-19 01:07:46,-33.8667,121.9,64.11,54,0,8.23,clear sky
174,Zhoucheng,CN,2022-10-19 01:07:46,35.9122,116.3117,55.24,28,0,8.21,clear sky
175,Chuy,UY,2022-10-19 01:07:47,-33.6971,-53.4616,60.24,91,100,13.04,overcast clouds
176,Mount Gambier,AU,2022-10-19 01:07:47,-37.8333,140.7667,69.37,53,2,3.8,clear sky
177,Kassala,SD,2022-10-19 01:07:47,15.451,36.4,82.11,52,9,9.01,clear sky
178,Juchipila,MX,2022-10-19 01:07:48,21.4167,-103.1167,74.57,65,100,2.21,light rain
179,Anloga,GH,2022-10-19 01:07:48,5.7947,0.8973,79.14,82,23,8.41,few clouds
180,Te Anau,NZ,2022-10-19 01:07:48,-45.4167,167.7167,48.7,73,100,8.72,overcast clouds
181,Bocas Del Toro,PA,2022-10-19 01:07:49,9.3333,-82.25,80.38,79,79,2.1,light rain
182,Humboldt,US,2022-10-19 01:07:49,40.6665,-123.9178,56.08,57,100,2.98,overcast clouds
183,Chapais,CA,2022-10-19 01:07:50,49.7834,-74.8492,40.93,95,100,3.87,moderate rain
184,Matara,LK,2022-10-19 01:07:50,5.9485,80.5353,77.7,89,100,12.15,overcast clouds
185,Kloulklubed,PW,2022-10-19 01:07:51,7.0419,134.2556,86.5,74,21,14.29,few clouds
186,Provideniya,RU,2022-10-19 01:07:51,64.3833,-173.3,32.36,93,100,13.42,overcast clouds
187,Dukat,RU,2022-10-19 01:07:51,62.55,155.55,2.62,96,100,7.34,snow
188,Baykit,RU,2022-10-19 01:07:52,61.67,96.37,30.4,90,99,4.41,overcast clouds
189,Saldanha,ZA,2022-10-19 01:07:52,-33.0117,17.9442,59.95,96,16,7.7,few clouds
190,Kirakira,SB,2022-10-19 00:59:12,-10.4544,161.9205,85.5,69,38,6.87,scattered clouds
191,Khani,GE,2022-10-19 01:07:53,41.9563,42.9566,58.57,73,0,6.98,clear sky
192,Togur,RU,2022-10-19 01:07:53,58.3631,82.8265,35.62,95,100,4.16,overcast clouds
193,Hong Gai,VN,2022-10-19 01:07:53,20.956,107.0946,69.71,53,100,9.89,overcast clouds
194,Saint George,US,2022-10-19 01:05:31,37.1041,-113.5841,81.19,21,0,0.0,clear sky
195,Palmer,US,2022-10-19 01:07:54,42.1584,-72.3287,45.18,83,0,1.45,clear sky
196,Tymovskoye,RU,2022-10-19 01:07:54,50.8456,142.655,38.3,47,6,12.82,clear sky
197,Trinidad,BO,2022-10-19 01:07:55,-14.8333,-64.9,73.8,97,99,3.87,overcast clouds
198,Biak,ID,2022-10-19 01:07:55,-0.9131,122.8766,82.26,74,99,2.33,moderate rain
199,Sakakah,SA,2022-10-19 01:06:27,29.9697,40.2064,74.8,30,20,3.87,few clouds
200,Darhan,MN,2022-10-19 01:07:56,49.4867,105.9228,36.1,39,75,4.61,broken clouds
201,Lavrentiya,RU,2022-10-19 01:07:56,65.5833,-171.0,29.5,74,100,5.06,overcast clouds
202,Souillac,MU,2022-10-19 01:07:57,-20.5167,57.5167,70.18,78,40,6.91,scattered clouds
203,Meridian,US,2022-10-19 00:58:55,43.6121,-116.3915,69.58,37,0,0.0,clear sky
204,Zhigansk,RU,2022-10-19 01:07:57,66.7697,123.3711,17.46,95,100,8.5,light snow
205,Merauke,ID,2022-10-19 01:07:58,-8.4667,140.3333,82.9,77,100,2.26,overcast clouds
206,Verkhoyansk,RU,2022-10-19 01:07:58,67.5447,133.385,2.64,96,100,2.1,overcast clouds
207,Skowhegan,US,2022-10-19 01:04:45,44.7651,-69.7192,61.57,99,100,5.37,overcast clouds
208,Severo-Kurilsk,RU,2022-10-19 01:07:59,50.6789,156.125,42.19,69,48,32.44,light rain
209,Sitka,US,2022-10-19 01:07:59,57.0531,-135.33,58.89,72,100,19.57,light rain
210,Saint Anthony,US,2022-10-19 01:04:59,45.0205,-93.218,36.25,54,0,9.22,clear sky
211,Kuldur,RU,2022-10-19 01:08:00,49.2167,131.6333,39.31,42,0,7.92,clear sky
212,Korla,CN,2022-10-19 01:08:00,41.7597,86.1469,53.1,22,98,5.55,overcast clouds
213,Nangong,CN,2022-10-19 01:05:13,37.3581,115.3744,56.98,34,0,12.1,clear sky
214,Ntcheu,MW,2022-10-19 01:08:01,-14.8203,34.6359,65.98,58,80,2.62,broken clouds
215,San Cristobal,VE,2022-10-19 01:08:01,7.7669,-72.225,69.98,98,100,1.54,light rain
216,Iqaluit,CA,2022-10-19 01:08:02,63.7506,-68.5145,22.69,85,33,8.01,scattered clouds
217,Iberia,US,2022-10-19 01:08:02,29.9502,-91.7507,53.56,37,0,8.05,clear sky
218,Najran,SA,2022-10-19 01:08:02,17.4924,44.1277,63.39,29,27,1.66,scattered clouds
219,Nanticoke,US,2022-10-19 01:08:03,41.2054,-76.0049,41.85,88,12,3.83,few clouds
220,Beringovskiy,RU,2022-10-19 00:58:39,63.05,179.3167,37.47,96,100,42.55,moderate rain
221,Tabou,CI,2022-10-19 01:08:03,4.423,-7.3528,76.35,90,100,3.24,light rain
222,Fairlie,GB,2022-10-19 01:08:04,55.756,-4.8556,47.41,88,100,1.99,overcast clouds
223,Dikson,RU,2022-10-19 01:08:04,73.5069,80.5464,27.54,85,100,16.58,overcast clouds
224,Saint-Joseph,RE,2022-10-19 01:08:04,-21.3667,55.6167,66.58,77,21,10.63,few clouds
225,Karak,JO,2022-10-19 01:08:05,31.1667,35.75,60.6,69,3,0.31,clear sky
226,Folldal,NO,2022-10-19 01:08:05,62.1325,9.9968,29.97,91,42,4.43,scattered clouds
227,Nanortalik,GL,2022-10-19 00:59:46,60.1432,-45.2371,40.93,91,100,14.94,light rain
228,San Isidro,PE,2022-10-19 01:08:06,-12.1167,-77.05,62.02,83,100,8.05,overcast clouds
229,Grindavik,IS,2022-10-19 01:08:06,63.8424,-22.4338,41.47,93,100,12.66,light intensity drizzle
230,Port Elizabeth,ZA,2022-10-19 01:08:06,-33.918,25.5701,68.31,98,77,5.99,broken clouds
231,Los Llanos De Aridane,ES,2022-10-19 01:08:07,28.6585,-17.9182,66.13,69,0,6.91,clear sky
232,Pocao De Pedras,BR,2022-10-19 01:08:07,-4.6667,-44.85,81.5,49,0,4.85,clear sky
233,Ati,TD,2022-10-19 01:08:08,13.2154,18.3353,82.29,21,1,8.75,clear sky
234,Tual,ID,2022-10-19 01:08:08,-5.6667,132.75,84.11,71,100,2.59,light rain
235,Chokurdakh,RU,2022-10-19 01:08:09,70.6333,147.9167,6.8,97,99,4.38,overcast clouds
236,Saint-Pierre,RE,2022-10-19 01:08:09,-21.3393,55.4781,67.68,60,0,5.75,clear sky
237,Lohja,FI,2022-10-19 01:08:09,60.2486,24.0653,37.44,100,22,8.75,few clouds
238,Kindu,CD,2022-10-19 01:08:10,-2.95,25.95,67.71,99,82,1.28,broken clouds
239,Goma,CD,2022-10-19 01:08:10,-1.6792,29.2228,61.5,96,100,1.07,moderate rain
240,Hobyo,SO,2022-10-19 01:08:11,5.3505,48.5268,77.52,83,39,13.87,scattered clouds
241,Kyabe,TD,2022-10-19 01:08:11,9.4515,18.9449,74.37,81,12,3.04,few clouds
242,Karymskoye,RU,2022-10-19 01:08:11,51.6167,114.35,37.18,58,2,8.48,clear sky
243,Koraput,IN,2022-10-19 01:08:12,18.8167,82.7167,66.96,93,82,2.15,broken clouds
244,Port-Gentil,GA,2022-10-19 01:08:12,-0.7193,8.7815,75.54,94,100,8.23,heavy intensity rain
245,Axim,GH,2022-10-19 01:08:12,4.8699,-2.2405,76.37,91,94,4.61,light rain
246,Erenhot,CN,2022-10-19 01:05:20,43.6475,111.9767,46.99,23,16,10.74,few clouds
247,Tambovka,RU,2022-10-19 01:08:13,50.0969,128.0489,40.39,34,99,11.72,overcast clouds
248,Anjad,IN,2022-10-19 01:08:14,22.0333,75.05,74.25,79,3,4.79,clear sky
249,Camalu,MX,2022-10-19 01:08:14,30.85,-116.0667,73.18,64,23,6.71,few clouds
250,Kidal,ML,2022-10-19 01:08:14,18.4411,1.4078,79.16,24,0,11.54,clear sky
251,Labuhan,ID,2022-10-19 00:59:45,-6.8844,112.2051,81.52,77,100,6.96,moderate rain
252,Yulara,AU,2022-10-19 01:08:15,-25.2406,130.9889,69.69,45,0,11.41,clear sky
253,Buraydah,SA,2022-10-19 00:59:08,26.326,43.975,66.65,15,99,3.67,overcast clouds
254,Martapura,ID,2022-10-19 01:08:15,-3.4167,114.85,77.52,91,100,1.86,light rain
255,Vaitape,PF,2022-10-19 01:08:16,-16.5167,-151.75,77.49,78,28,14.9,light rain
256,College,US,2022-10-19 01:08:16,64.8569,-147.8028,40.59,80,75,3.44,broken clouds
257,Belen,TR,2022-10-19 01:08:17,36.4891,36.2233,61.05,86,0,1.66,clear sky
258,Fukue,JP,2022-10-19 01:08:17,32.6881,128.8419,63.81,56,0,16.24,clear sky
259,Magistralnyy,RU,2022-10-19 01:08:17,56.1725,107.4458,35.91,83,100,6.04,overcast clouds
260,Kudahuvadhoo,MV,2022-10-19 01:08:18,2.6708,72.8944,80.6,70,100,12.39,overcast clouds
261,Snyder,US,2022-10-19 01:04:02,32.7179,-100.9176,62.94,45,100,0.0,overcast clouds
262,Swan Hill,AU,2022-10-19 01:08:18,-35.3378,143.5544,67.87,59,92,11.65,overcast clouds
263,Raudeberg,NO,2022-10-19 01:08:19,61.9875,5.1352,39.96,1,78,9.48,broken clouds
264,Bereda,ES,2022-10-19 01:08:19,43.2686,-7.5406,60.58,82,99,2.89,overcast clouds
265,Yar-Sale,RU,2022-10-19 01:08:20,66.8333,70.8333,39.4,92,100,14.85,overcast clouds
266,Nuuk,GL,2022-10-19 00:59:34,64.1835,-51.7216,37.76,97,100,15.28,light rain
267,La Libertad,EC,2022-10-19 01:08:21,-2.2333,-80.9,67.66,88,100,6.91,overcast clouds
268,Pisco,PE,2022-10-19 01:08:21,-13.7,-76.2167,60.85,82,100,14.97,overcast clouds
269,Umm Lajj,SA,2022-10-19 01:08:22,25.0213,37.2685,80.19,62,0,3.53,clear sky
270,Kruisfontein,ZA,2022-10-19 01:08:23,-34.0033,24.7314,65.88,95,98,5.21,overcast clouds
271,Namatanai,PG,2022-10-19 01:08:23,-3.6667,152.4333,85.69,62,70,6.89,broken clouds
272,Montrose,US,2022-10-19 01:08:23,38.4166,-108.2673,54.81,34,0,0.92,clear sky
273,Kazachinskoye,RU,2022-10-19 01:08:24,57.6953,93.2761,34.63,99,100,2.37,light snow
274,Westport,US,2022-10-19 01:08:24,41.1415,-73.3579,51.19,76,0,4.61,clear sky
275,Havelock,US,2022-10-19 01:08:24,34.8791,-76.9013,55.92,69,0,4.0,clear sky
276,Ahuimanu,US,2022-10-19 01:08:25,21.4447,-157.8378,84.61,62,40,10.36,scattered clouds
277,Aljezur,PT,2022-10-19 01:08:25,37.3191,-8.8033,66.11,95,77,9.46,broken clouds
278,Hasaki,JP,2022-10-19 01:08:26,35.7333,140.8333,60.22,63,100,16.53,overcast clouds
279,Manggar,ID,2022-10-19 01:08:26,-2.8833,108.2667,77.72,87,100,4.05,overcast clouds
280,Havoysund,NO,2022-10-19 01:08:26,70.9963,24.6622,39.43,75,100,25.03,light rain
281,Kayes,ML,2022-10-19 01:08:27,14.0,-11.0,79.54,59,100,3.31,overcast clouds
282,Sibolga,ID,2022-10-19 01:08:27,1.7427,98.7792,78.69,80,100,1.32,overcast clouds
283,Backi Jarak,RS,2022-10-19 01:08:28,45.3703,19.875,52.74,40,0,1.21,clear sky
284,Mwaya,TZ,2022-10-19 01:08:28,-9.55,33.95,72.16,56,5,3.67,clear sky
285,Dunedin,NZ,2022-10-19 00:56:03,-45.8742,170.5036,56.8,67,100,1.01,overcast clouds
286,Bacolod,PH,2022-10-19 01:08:29,10.6667,122.95,83.53,75,70,5.55,broken clouds
287,Adrar,MR,2022-10-19 01:08:29,20.5022,-10.0711,84.52,15,100,9.37,overcast clouds
288,Manzhouli,CN,2022-10-19 01:08:29,49.6,117.4333,40.89,22,26,11.65,scattered clouds
289,Laguna,US,2022-10-19 01:05:50,38.421,-121.4238,84.18,38,0,6.91,clear sky
290,Verkhnyaya Toyma,RU,2022-10-19 01:08:30,62.2349,44.9985,36.27,94,36,6.55,scattered clouds
291,Riyadh,SA,2022-10-19 01:08:30,24.6877,46.7219,66.34,16,91,1.14,overcast clouds
292,Lianran,CN,2022-10-19 01:08:31,24.9227,102.485,53.98,62,13,2.8,few clouds
293,Qui Nhon,VN,2022-10-19 01:08:31,13.7667,109.2333,78.21,78,91,3.49,overcast clouds
294,Aquiraz,BR,2022-10-19 01:08:31,-3.9014,-38.3911,80.69,81,26,15.99,scattered clouds
295,Igrim,RU,2022-10-19 01:08:32,63.1906,64.4162,38.88,96,100,8.88,light rain
296,Bedford,GB,2022-10-19 01:08:32,52.1346,-0.4663,51.51,92,99,10.45,overcast clouds
297,Lebu,CL,2022-10-19 01:08:33,-37.6167,-73.65,51.4,90,66,6.78,broken clouds
298,Yenagoa,NG,2022-10-19 01:08:33,4.9247,6.2642,75.52,92,92,3.96,overcast clouds
299,Sabla,NG,2022-10-19 01:08:33,12.7525,4.7077,79.45,28,15,7.94,few clouds
300,Newport,GB,2022-10-19 01:08:34,51.5877,-2.9984,58.82,78,99,15.17,light rain
301,Pacifica,US,2022-10-19 01:04:01,37.6138,-122.4869,81.14,63,20,11.5,few clouds
302,Mehamn,NO,2022-10-19 01:08:35,71.0357,27.8492,39.11,87,75,12.66,moderate rain
303,Tilichiki,RU,2022-10-19 01:08:35,60.4667,166.1,33.01,88,100,21.47,light snow
304,Talcahuano,CL,2022-10-19 01:08:35,-36.7167,-73.1167,53.28,82,0,4.61,clear sky
305,Himensulan,PH,2022-10-19 01:08:36,10.5967,124.2821,83.03,73,98,9.24,overcast clouds
306,Haines Junction,CA,2022-10-19 01:08:36,60.7522,-137.5108,40.39,98,100,2.24,overcast clouds
307,Gao,ML,2022-10-19 01:08:37,16.6362,1.637,81.41,21,0,11.7,clear sky
308,Shizunai,JP,2022-10-19 01:08:37,42.3339,142.3669,51.93,58,20,15.64,few clouds
309,Vincennes,FR,2022-10-19 01:08:37,48.85,2.4333,60.37,96,0,5.75,clear sky
310,Palauig,PH,2022-10-19 01:08:38,15.435,119.9045,83.19,73,93,2.04,overcast clouds
311,Krasnoselkup,RU,2022-10-19 01:08:38,65.7,82.4667,33.04,94,100,14.56,overcast clouds
312,Bengkulu,ID,2022-10-19 01:08:39,-3.8004,102.2655,77.34,85,99,4.47,overcast clouds
313,Olafsvik,IS,2022-10-19 01:08:39,64.8945,-23.7142,44.35,81,100,16.51,overcast clouds
314,Mankono,CI,2022-10-19 01:08:39,8.0586,-6.1897,72.14,92,67,2.8,light rain
315,Kiri Buru,IN,2022-10-19 01:08:40,22.0833,85.35,68.81,94,2,0.69,clear sky
316,Copiapo,CL,2022-10-19 01:08:40,-27.3667,-70.3333,53.29,59,0,3.06,clear sky
317,Duartina,BR,2022-10-19 01:08:41,-22.4144,-49.4039,67.05,79,100,3.83,overcast clouds
318,Kalemie,CD,2022-10-19 01:08:41,-5.9475,29.1947,72.45,68,100,4.79,overcast clouds
319,Zheleznodorozhnyy,RU,2022-10-19 01:08:41,55.7503,38.0042,46.92,82,100,4.36,overcast clouds
320,Tynda,RU,2022-10-19 01:08:42,55.1667,124.7167,30.31,67,100,1.99,overcast clouds
321,Paragominas,BR,2022-10-19 01:08:42,-2.9667,-47.4833,76.46,75,65,3.76,broken clouds
322,Ankazoabo,MG,2022-10-19 01:08:43,-22.2833,44.5167,69.03,62,0,5.7,clear sky
323,Bilibino,RU,2022-10-19 01:08:43,68.0546,166.4372,9.63,86,100,9.31,overcast clouds
324,Ust-Tsilma,RU,2022-10-19 01:08:43,65.441,52.1498,36.79,79,96,10.25,overcast clouds
325,Asau,RO,2022-10-19 01:08:44,46.4333,26.4,38.32,64,87,6.71,overcast clouds
326,Hanzhong,CN,2022-10-19 01:08:44,33.0728,107.0303,58.23,70,0,3.04,clear sky
327,Christchurch,NZ,2022-10-19 01:04:51,-43.5333,172.6333,61.32,44,14,4.61,few clouds
328,Mar Del Plata,AR,2022-10-19 01:04:56,-38.0023,-57.5575,59.09,92,0,11.01,clear sky
329,Bonga,ET,2022-10-19 01:08:45,7.2833,36.2333,58.17,99,100,1.59,overcast clouds
330,Vrangel,RU,2022-10-19 01:08:45,42.7297,133.0839,45.9,42,0,9.42,clear sky
331,Samarai,PG,2022-10-19 01:08:46,-10.6167,150.6667,84.47,73,28,16.2,scattered clouds
332,Davila,PH,2022-10-19 01:08:46,18.4726,120.5763,78.58,92,100,19.51,moderate rain
333,Patos De Minas,BR,2022-10-19 01:05:04,-18.5789,-46.5181,77.7,33,87,11.14,overcast clouds
334,Bonfim,BR,2022-10-19 01:08:47,3.0833,-59.95,78.01,83,74,4.88,broken clouds
335,Mudanjiang,CN,2022-10-19 01:08:47,44.5833,129.6,41.58,41,0,7.63,clear sky
336,Baft,IR,2022-10-19 01:08:48,29.234,56.6057,53.67,20,100,2.59,overcast clouds
337,Leninskoye,KZ,2022-10-19 01:08:48,41.7589,69.3864,48.96,56,100,3.8,overcast clouds
338,Teya,RU,2022-10-19 01:08:48,60.3778,92.6267,31.53,94,100,1.88,overcast clouds
339,Rock Sound,BS,2022-10-19 01:08:49,24.9,-76.2,82.85,72,18,10.71,few clouds
340,Ilulissat,GL,2022-10-19 01:08:49,69.2167,-51.1,33.82,93,100,11.5,light snow
341,Panguna,PG,2022-10-19 01:08:49,-6.3164,155.4848,84.83,50,86,3.44,overcast clouds
342,Jablah,SY,2022-10-19 01:08:50,35.3614,35.9256,70.48,71,0,3.65,clear sky
343,Lima,PE,2022-10-19 01:08:43,-12.0432,-77.0282,60.91,83,100,8.05,overcast clouds
344,Ouahigouya,BF,2022-10-19 01:08:50,13.5828,-2.4216,83.59,22,0,3.49,clear sky
345,Betlitsa,RU,2022-10-19 01:08:51,54.0095,33.9588,47.53,93,100,6.71,light rain
346,Leh,IN,2022-10-19 01:08:51,34.1667,77.5833,29.73,71,73,2.53,broken clouds
347,North Valley,US,2022-10-19 01:08:51,35.1734,-106.6234,63.82,52,20,6.91,few clouds
348,Sitia,GR,2022-10-19 01:08:52,35.2,26.0986,66.97,75,65,16.8,broken clouds
349,Sechura,PE,2022-10-19 01:08:52,-5.5569,-80.8222,63.73,75,100,14.9,overcast clouds
350,Russell,US,2022-10-19 01:06:38,32.3502,-85.1999,47.8,45,0,6.02,clear sky
351,Lanigan,CA,2022-10-19 01:08:53,51.8501,-105.0344,53.8,39,41,5.66,scattered clouds
352,Kasongo-Lunda,CD,2022-10-19 01:08:53,-6.4667,16.8167,69.91,94,100,1.16,overcast clouds
353,Nizhniy Tsasuchey,RU,2022-10-19 01:08:54,50.5167,115.1333,40.35,41,17,14.29,few clouds
354,Beira,MZ,2022-10-19 01:08:54,-19.8436,34.8389,77.09,78,40,1.14,scattered clouds
355,Salym,RU,2022-10-19 01:08:54,60.0625,71.4789,39.72,91,100,8.3,overcast clouds
356,Wenzhou,CN,2022-10-19 01:06:39,27.9994,120.6668,63.75,48,6,5.14,clear sky
357,Buchlovice,CZ,2022-10-19 01:08:55,49.0863,17.3385,55.15,87,8,5.55,clear sky
358,Nakusp,CA,2022-10-19 01:08:55,50.2499,-117.8023,60.31,38,5,1.88,clear sky
359,Dimovo,BG,2022-10-19 01:08:56,43.7417,22.7269,47.71,56,0,3.98,clear sky
360,Lastoursville,GA,2022-10-19 01:08:56,-0.8143,12.7287,71.58,100,100,1.1,moderate rain
361,Navahrudak,BY,2022-10-19 01:08:57,53.6,25.8333,45.82,93,27,11.21,scattered clouds
362,Talnakh,RU,2022-10-19 01:08:57,69.4865,88.3972,33.21,99,100,8.59,light snow
363,Katima Mulilo,NA,2022-10-19 01:08:57,-17.5,24.2667,72.12,32,80,4.29,broken clouds
364,Marsh Harbour,BS,2022-10-19 01:08:58,26.5412,-77.0636,80.55,75,100,4.99,overcast clouds
365,Caravelas,BR,2022-10-19 01:08:58,-17.7125,-39.2481,74.7,79,65,6.71,broken clouds
366,Lompoc,US,2022-10-19 01:08:59,34.6391,-120.4579,78.94,67,0,6.91,clear sky
367,Kuna,US,2022-10-19 01:08:59,43.4918,-116.4201,68.56,38,0,4.61,clear sky
368,Meadow Lake,US,2022-10-19 01:08:59,34.8014,-106.5436,62.15,53,1,2.21,clear sky
369,Auki,SB,2022-10-19 00:59:57,-8.7676,160.7034,87.85,58,11,5.01,few clouds
370,Macau,MO,2022-10-19 01:08:14,22.2006,113.5461,73.2,53,20,17.27,few clouds
371,Utena,LT,2022-10-19 01:09:00,55.5,25.6,49.44,94,100,12.82,overcast clouds
372,Chumikan,RU,2022-10-19 01:09:01,54.7183,135.315,35.24,60,24,23.26,few clouds
373,Terrace Bay,CA,2022-10-19 01:09:01,48.7834,-87.1,35.04,74,53,22.68,broken clouds
374,Soyo,AO,2022-10-19 01:04:17,-6.1349,12.3689,76.3,87,100,10.4,overcast clouds
375,Kargopol,RU,2022-10-19 01:09:02,61.5071,38.9456,38.68,91,100,3.49,overcast clouds
376,Teknaf,BD,2022-10-19 01:09:02,20.8624,92.3058,76.87,87,32,3.8,scattered clouds
377,Pangnirtung,CA,2022-10-19 01:09:02,66.1451,-65.7125,14.16,79,3,9.93,clear sky
378,Casas Grandes,MX,2022-10-19 01:09:03,30.3667,-107.95,57.43,65,54,10.13,broken clouds
379,Hammerfest,NO,2022-10-19 01:09:03,70.6634,23.6821,39.65,87,75,14.97,light rain
380,Hirara,JP,2022-10-19 00:59:42,24.8,125.2833,75.47,60,75,26.46,broken clouds
381,Mao,ES,2022-10-19 01:09:04,39.8885,4.2658,68.56,100,40,4.61,scattered clouds
382,Hokitika,NZ,2022-10-19 01:09:04,-42.7167,170.9667,53.4,64,100,10.51,overcast clouds
383,Kigoma,TZ,2022-10-19 01:09:05,-4.8769,29.6267,74.37,75,100,8.75,overcast clouds
384,Vynohradove,UA,2022-10-19 01:09:05,46.3696,32.9398,48.36,67,9,2.73,clear sky
385,Kainan,JP,2022-10-19 01:09:06,34.15,135.2,65.48,51,0,10.33,clear sky
386,Colares,PT,2022-10-19 01:09:06,38.7992,-9.4469,69.33,99,45,14.0,scattered clouds
387,Bagdarin,RU,2022-10-19 01:09:07,54.4333,113.6,32.29,61,64,3.62,broken clouds
388,Aketi,CD,2022-10-19 01:09:07,2.7388,23.7833,69.64,98,100,1.07,overcast clouds
389,Katsuura,JP,2022-10-19 01:09:07,35.1333,140.3,56.86,79,100,18.3,overcast clouds
390,Kalloni,GR,2022-10-19 01:09:08,39.2328,26.2081,59.32,83,0,5.88,clear sky
391,Uzhur,RU,2022-10-19 01:09:08,55.3036,89.8339,34.66,80,100,6.4,overcast clouds
392,Coahuayana,MX,2022-10-19 00:59:40,18.7333,-103.6833,78.55,87,100,1.1,overcast clouds
393,Tripoli,LY,2022-10-19 01:09:09,32.8752,13.1875,70.75,63,15,3.71,few clouds
394,Tulum,MX,2022-10-19 01:09:09,20.2167,-87.4667,75.72,92,89,3.06,moderate rain
395,Uzunovo,RU,2022-10-19 01:09:10,54.5386,38.6173,53.65,90,100,0.58,overcast clouds
396,Coos Bay,US,2022-10-19 01:00:02,43.3665,-124.2179,67.98,92,0,7.65,clear sky
397,Calamar,CO,2022-10-19 01:09:10,10.2511,-74.9146,76.82,91,98,4.54,overcast clouds
398,Grand Gaube,MU,2022-10-19 01:09:11,-20.0064,57.6608,70.2,74,100,3.0,overcast clouds
399,Ginda,IN,2022-10-19 01:09:11,30.6945,78.4932,46.27,68,0,6.76,clear sky
400,Daan,CN,2022-10-19 01:09:12,33.0558,106.2958,57.92,75,57,4.83,broken clouds
401,Hinatuan,PH,2022-10-19 01:09:12,8.3722,126.3342,81.41,82,100,3.98,overcast clouds
402,Zhireken,RU,2022-10-19 01:09:12,52.8249,117.3076,33.44,49,15,4.14,few clouds
403,Olavarria,AR,2022-10-19 01:09:13,-36.8927,-60.3225,60.03,73,58,12.39,broken clouds
404,Bail Hongal,IN,2022-10-19 01:09:13,15.8167,74.8667,69.22,90,100,3.47,overcast clouds
405,Diliman,PH,2022-10-19 01:08:37,15.025,120.9502,84.87,78,100,1.66,moderate rain
406,Chute-Aux-Outardes,CA,2022-10-19 01:09:14,49.1168,-68.399,55.38,88,100,24.16,overcast clouds
407,Champerico,GT,2022-10-19 01:09:14,14.3,-91.9167,79.47,82,98,6.98,overcast clouds
408,Taltal,CL,2022-10-19 01:09:15,-25.4,-70.4833,60.12,72,0,3.13,clear sky
409,Poum,NC,2022-10-19 01:09:15,-20.2333,164.0167,77.72,74,94,13.4,overcast clouds
410,Daru,PG,2022-10-19 01:09:16,-9.0763,143.2092,83.08,79,100,7.2,overcast clouds
411,Aksarayskiy,RU,2022-10-19 01:09:16,46.7924,48.0119,49.06,52,96,9.86,overcast clouds
412,Namibe,AO,2022-10-19 01:09:16,-15.1961,12.1522,65.08,84,33,7.87,scattered clouds
413,Kalabo,ZM,2022-10-19 01:09:17,-14.97,22.6814,76.21,30,100,4.63,overcast clouds
414,Klaksvik,FO,2022-10-19 01:09:17,62.2266,-6.589,41.92,65,84,7.61,broken clouds
415,Hualmay,PE,2022-10-19 00:59:46,-11.0964,-77.6139,61.68,84,20,9.28,few clouds
416,Puri,IN,2022-10-19 01:09:18,19.8,85.85,77.52,80,25,7.02,scattered clouds
417,Kerema,PG,2022-10-19 01:09:18,-7.9631,145.7785,85.42,71,100,6.58,overcast clouds
418,Hapur,IN,2022-10-19 01:05:44,28.7167,77.7833,68.63,64,0,5.03,clear sky
419,Bridlington,GB,2022-10-19 01:09:19,54.0831,-0.1919,52.9,84,100,13.65,overcast clouds
420,Santa Marta,CO,2022-10-19 01:09:19,11.2408,-74.199,79.93,83,27,9.19,scattered clouds
421,Maniitsoq,GL,2022-10-19 01:09:20,65.4167,-52.9,35.46,99,100,17.27,light rain
422,Manaus,BR,2022-10-19 01:08:04,-3.1019,-60.025,82.89,74,75,4.61,broken clouds
423,Carballo,ES,2022-10-19 01:09:20,43.213,-8.691,64.0,91,93,8.32,overcast clouds
424,Mecca,SA,2022-10-19 01:07:42,21.4267,39.8261,77.95,59,0,1.63,clear sky
425,Cabra,ES,2022-10-19 01:09:21,37.4725,-4.4421,70.72,50,100,4.59,overcast clouds
426,Birin,NP,2022-10-19 01:09:21,26.8865,88.0718,52.9,69,0,5.7,clear sky
427,Mulanje,MW,2022-10-19 01:09:22,-16.0316,35.5,68.97,74,6,2.24,clear sky
428,Cam Ranh,VN,2022-10-19 01:09:22,11.9214,109.1591,78.76,73,20,3.44,few clouds
429,Berlevag,NO,2022-10-19 01:09:22,70.8578,29.0864,39.15,75,100,14.97,overcast clouds
430,Kathmandu,NP,2022-10-19 01:09:02,27.7167,85.3167,57.42,88,20,0.0,few clouds
431,Skelleftea,SE,2022-10-19 01:09:23,64.7507,20.9528,30.56,100,11,6.91,few clouds
432,Cayenne,GF,2022-10-19 01:09:23,4.9333,-52.3333,80.64,83,40,3.44,scattered clouds
433,Povoa De Varzim,PT,2022-10-19 01:09:24,41.3834,-8.7636,68.47,77,40,19.57,scattered clouds
434,Bud,US,2022-10-19 01:09:24,39.447,-86.1758,44.67,63,80,10.45,broken clouds
435,Yumen,CN,2022-10-19 01:09:25,40.2833,97.2,50.81,12,6,7.0,clear sky
436,Rzhev,RU,2022-10-19 01:09:25,56.2624,34.3282,43.7,93,100,3.22,overcast clouds
437,Ailigandi,PA,2022-10-19 01:09:25,9.2333,-78.0167,79.14,85,72,4.23,light rain
438,Tura,IN,2022-10-19 01:09:26,25.5198,90.2201,69.55,81,0,4.0,clear sky
439,Fuling,CN,2022-10-19 01:09:26,29.7022,107.3919,67.51,50,5,2.48,clear sky
440,Tessaoua,NE,2022-10-19 01:09:27,13.7574,7.9874,81.16,22,5,11.12,clear sky
441,Kortkeros,RU,2022-10-19 01:09:27,61.8106,51.5806,39.2,92,100,6.42,overcast clouds
442,Agustin Codazzi,CO,2022-10-19 01:09:27,10.0341,-73.2361,73.96,97,72,4.34,broken clouds
443,Bathsheba,BB,2022-10-19 01:09:28,13.2167,-59.5167,83.01,78,20,12.66,few clouds
444,Chipinge,ZW,2022-10-19 01:09:28,-20.1883,32.6236,58.57,80,99,3.6,overcast clouds
445,Southbridge,US,2022-10-19 01:09:29,42.0751,-72.0334,48.31,88,0,3.29,clear sky
446,Omsukchan,RU,2022-10-19 01:09:29,62.5333,155.8,7.27,94,100,10.18,snow
447,Nalut,LY,2022-10-19 01:09:30,30.3333,10.85,63.12,58,0,9.24,clear sky
448,Priiskovyy,RU,2022-10-19 01:09:30,51.9333,116.6333,38.01,40,20,6.89,few clouds
449,Abeche,TD,2022-10-19 00:59:55,13.8292,20.8324,79.21,24,0,8.72,clear sky
450,Trincomalee,LK,2022-10-19 01:09:31,8.5711,81.2335,79.25,85,100,12.17,overcast clouds
451,Catio,GW,2022-10-19 01:09:31,11.2833,-15.25,77.79,86,59,4.74,light rain
452,Mikhaylovka,RU,2022-10-19 01:09:31,50.06,43.2379,50.7,51,72,11.54,broken clouds
453,The Valley,AI,2022-10-19 01:09:32,18.217,-63.0578,82.26,74,7,11.86,clear sky
454,Clyde River,CA,2022-10-19 01:09:32,70.4692,-68.5914,12.34,77,93,4.83,overcast clouds
455,Zhangye,CN,2022-10-19 01:09:32,38.9342,100.4517,54.23,17,11,2.73,few clouds
456,Manokwari,ID,2022-10-19 01:09:33,-0.8667,134.0833,84.24,69,83,5.01,broken clouds
457,Inongo,CD,2022-10-19 01:09:33,-1.95,18.2667,71.06,95,100,4.18,light rain
458,Sao Joao Da Barra,BR,2022-10-19 01:09:34,-21.6403,-41.0511,73.49,88,80,13.65,moderate rain
459,Krasnopavlivka,UA,2022-10-19 01:09:34,49.1372,36.3272,47.97,49,98,10.67,overcast clouds
460,Houma,US,2022-10-19 00:59:37,29.5958,-90.7195,54.0,51,0,5.75,clear sky
461,Andilamena,MG,2022-10-19 01:09:35,-17.0167,48.5833,56.14,88,57,7.61,broken clouds
462,Puqi,CN,2022-10-19 01:09:35,29.7167,113.8833,63.27,28,0,5.03,clear sky
463,Vila Velha,BR,2022-10-19 01:09:35,-20.3297,-40.2925,73.35,94,75,0.0,broken clouds
464,Praia,CV,2022-10-19 01:09:36,14.9215,-23.5087,81.14,61,20,11.5,few clouds
465,Havre-Saint-Pierre,CA,2022-10-19 01:04:37,50.2334,-63.5986,48.56,100,100,16.11,light rain
466,Sabha,LY,2022-10-19 01:09:36,27.0377,14.4283,65.75,49,0,7.65,clear sky
467,Sidi Ali,DZ,2022-10-19 01:09:37,36.0998,0.4206,77.59,40,100,3.47,overcast clouds
468,Eirunepe,BR,2022-10-19 01:08:30,-6.6603,-69.8736,73.22,97,100,1.45,overcast clouds
469,Sola,VU,2022-10-19 01:09:37,-13.8833,167.55,81.45,76,23,14.9,few clouds
470,Bongaree,AU,2022-10-19 01:09:37,-27.0797,153.1586,72.05,73,100,12.93,moderate rain
471,Tungor,RU,2022-10-19 01:09:38,53.3808,142.9564,36.91,56,90,20.94,overcast clouds
472,Dok Kham Tai,TH,2022-10-19 01:09:38,19.1624,99.9934,69.84,80,14,3.22,few clouds
473,Myitkyina,MM,2022-10-19 01:09:39,25.3833,97.4,70.7,93,88,2.19,overcast clouds
474,Macia,MZ,2022-10-19 01:09:39,-25.0269,33.0989,67.86,94,31,3.24,scattered clouds
475,Puerto Maldonado,PE,2022-10-19 01:09:39,-12.6,-69.1833,71.06,98,90,2.95,overcast clouds
476,Mlimba,TZ,2022-10-19 01:09:40,-8.8,35.8167,69.73,73,0,3.89,clear sky
477,Bakal,RU,2022-10-19 01:09:40,54.9417,58.8083,35.19,97,100,5.39,snow
478,Dingle,PH,2022-10-19 01:09:41,10.9995,122.6711,82.8,81,99,5.01,overcast clouds
479,Puerto Penasco,MX,2022-10-19 01:06:20,31.3167,-113.5333,83.21,48,5,12.19,clear sky
480,Jumla,NP,2022-10-19 01:09:41,29.2747,82.1838,42.55,65,6,3.62,clear sky
481,Tessalit,ML,2022-10-19 01:09:42,20.1986,1.0114,79.39,24,3,10.16,clear sky
482,Brumado,BR,2022-10-19 01:09:42,-14.2036,-41.6653,74.59,46,1,9.48,clear sky
483,Sinnamary,GF,2022-10-19 01:09:42,5.3833,-52.95,78.96,88,100,10.25,overcast clouds
484,Mount Isa,AU,2022-10-19 01:09:43,-20.7333,139.5,87.57,42,0,11.5,clear sky
485,Akyab,MM,2022-10-19 01:09:43,20.15,92.9,76.86,82,11,7.2,few clouds
486,Porto Novo,BJ,2022-10-19 01:09:44,6.4965,2.6036,76.35,91,45,4.56,light rain
487,Sisimiut,GL,2022-10-19 01:09:44,66.9395,-53.6735,34.95,99,100,7.87,light snow
488,Sabang,ID,2022-10-19 01:09:44,5.8933,95.3214,80.82,80,100,24.38,overcast clouds
489,Pokoynoye,RU,2022-10-19 01:09:45,44.8097,44.2517,49.37,90,5,4.61,clear sky
490,Selizharovo,RU,2022-10-19 01:09:45,56.8519,33.4487,42.78,94,100,3.0,overcast clouds
491,Gravdal,NO,2022-10-19 01:09:45,68.1214,13.5031,45.9,73,100,20.74,overcast clouds
492,Baghdad,IQ,2022-10-19 01:07:10,33.3406,44.4009,71.51,40,0,5.75,smoke
493,Shaowu,CN,2022-10-19 01:09:46,27.3409,117.4831,63.21,36,24,2.68,few clouds
494,Mackenzie,CA,2022-10-19 01:09:46,55.2999,-123.1698,54.12,58,55,4.0,broken clouds
495,Ballina,AU,2022-10-19 01:09:47,-28.8667,153.5667,70.02,88,100,10.29,overcast clouds
496,Codrington,AU,2022-10-19 01:09:47,-38.2667,141.9667,65.91,65,2,2.86,clear sky
497,Oranjestad,AW,2022-10-19 01:09:48,12.524,-70.027,84.15,82,20,13.8,few clouds
498,Sioux Lookout,CA,2022-10-19 01:07:13,50.1001,-91.917,23.7,94,59,2.95,broken clouds
499,Honiara,SB,2022-10-19 01:09:48,-9.4333,159.95,88.63,60,21,6.42,few clouds
500,Las Guaranas,DO,2022-10-19 01:09:49,19.1931,-70.2084,80.91,89,4,3.29,clear sky
501,Anadyr,RU,2022-10-19 01:09:49,64.75,177.4833,39.7,93,75,46.98,light rain
502,Kungurtug,RU,2022-10-19 01:09:50,50.5994,97.5228,31.3,84,100,1.39,overcast clouds
503,Atikokan,CA,2022-10-19 01:09:50,48.7555,-91.6216,25.41,88,26,4.74,scattered clouds
504,Pozo Colorado,PY,2022-10-19 01:09:50,-23.4923,-58.7972,70.41,88,64,4.34,broken clouds
505,Douentza,ML,2022-10-19 01:09:51,14.9951,-2.9517,85.35,18,0,5.61,clear sky
506,Zakamensk,RU,2022-10-19 01:09:51,50.3741,103.2863,35.49,56,100,2.39,overcast clouds
507,Pokaran,IN,2022-10-19 01:09:52,26.9167,71.9167,75.92,30,1,9.86,clear sky
508,Castelo Do Piaui,BR,2022-10-19 01:09:52,-5.3222,-41.5525,80.2,41,17,5.73,few clouds
509,Carlsbad,US,2022-10-19 01:06:40,33.1581,-117.3506,90.14,64,0,4.61,clear sky
510,Mujiayingzi,CN,2022-10-19 01:05:19,42.1167,118.7833,48.79,16,21,7.0,few clouds
511,Wilmington,US,2022-10-19 01:09:20,34.2257,-77.9447,53.89,55,0,8.05,clear sky
512,Dariba,IN,2022-10-19 01:09:53,24.95,74.1333,65.53,48,0,2.19,clear sky
513,Tiznit,MA,2022-10-19 01:09:53,29.5833,-9.5,78.13,25,5,9.93,clear sky
514,Cap Malheureux,MU,2022-10-19 01:09:54,-19.9842,57.6142,66.47,74,100,3.0,overcast clouds
515,Luanda,AO,2022-10-19 01:07:16,-8.8368,13.2343,74.68,83,36,11.56,scattered clouds
516,Morgan City,US,2022-10-19 01:09:54,29.6994,-91.2068,53.6,40,0,6.91,clear sky
517,Sumbe,AO,2022-10-19 01:09:55,-11.2061,13.8437,73.56,88,63,6.15,light rain
518,Kyzyl-Suu,KG,2022-10-19 01:09:55,42.3414,78.0056,37.09,84,98,3.38,overcast clouds
519,Campo Gobierno,MX,2022-10-19 01:09:55,24.6536,-107.5411,84.45,48,0,4.61,clear sky
520,Mnogovershinnyy,RU,2022-10-19 01:09:56,53.9353,139.9242,31.66,63,26,16.49,scattered clouds
521,Nieuwpoort,BE,2022-10-19 01:09:56,51.1244,2.7735,53.02,90,75,12.66,broken clouds
522,Jacksonville,US,2022-10-19 01:07:17,30.3322,-81.6556,64.4,40,40,18.41,scattered clouds
523,Salinas,US,2022-10-19 01:06:28,36.6777,-121.6555,81.99,55,0,8.05,clear sky
524,Buala,SB,2022-10-19 01:09:57,-8.145,159.5921,86.43,62,37,6.85,scattered clouds
525,Ust-Ishim,RU,2022-10-19 01:09:57,57.6935,71.1665,40.82,82,100,7.34,overcast clouds
526,Caldwell,US,2022-10-19 01:09:58,43.6629,-116.6874,69.67,38,0,3.44,clear sky
527,Djibo,BF,2022-10-19 01:09:58,14.1022,-1.6306,85.42,19,0,2.57,clear sky
528,Neubrandenburg,DE,2022-10-19 01:09:58,53.5667,13.2667,48.0,95,66,10.74,broken clouds
529,Garut,ID,2022-10-19 01:09:59,-7.2024,107.8878,72.05,89,98,2.44,overcast clouds
530,Tallahassee,US,2022-10-19 01:05:11,30.4383,-84.2807,55.24,42,0,6.91,clear sky
531,Kumluca,TR,2022-10-19 01:09:59,36.3703,30.2869,70.95,60,38,4.76,scattered clouds
532,Coffs Harbour,AU,2022-10-19 01:10:00,-30.3,153.1333,70.12,73,100,12.66,overcast clouds
533,Sorland,NO,2022-10-19 01:10:00,67.667,12.6934,44.46,71,100,22.21,overcast clouds
534,Fukuma,JP,2022-10-19 01:10:01,33.7667,130.4667,66.29,47,1,11.01,clear sky
535,Rawah,IQ,2022-10-19 01:10:01,34.4816,41.9093,74.55,26,2,3.09,clear sky
536,Kochubey,RU,2022-10-19 01:10:01,44.3861,46.5825,50.88,84,0,6.87,clear sky
537,Luena,AO,2022-10-19 01:10:02,-11.7833,19.9167,61.41,91,100,1.34,light rain
538,Tamale,GH,2022-10-19 01:10:02,9.4008,-0.8393,76.19,81,56,5.21,broken clouds
539,Simao,CN,2022-10-19 01:10:03,22.7886,100.9748,61.03,55,8,1.77,clear sky
540,Saint-Junien,FR,2022-10-19 01:10:03,45.8833,0.9,66.78,77,99,4.92,overcast clouds
541,Mitsamiouli,KM,2022-10-19 01:10:04,-11.3847,43.2844,75.22,77,7,10.67,clear sky
542,Salvador,SV,2022-10-19 01:05:43,13.8333,-88.9167,73.06,97,94,2.24,overcast clouds
543,Coari,BR,2022-10-19 01:10:04,-4.085,-63.1414,76.62,77,91,1.54,overcast clouds
544,Stephenville,US,2022-10-19 01:10:05,32.2207,-98.2023,57.33,32,0,5.75,clear sky
545,Maiduguri,NG,2022-10-19 01:10:05,11.8464,13.1603,78.1,30,8,6.85,clear sky
546,Guiyang,CN,2022-10-19 01:10:05,26.5833,106.7167,55.63,36,86,5.97,overcast clouds
547,Sussex,US,2022-10-19 01:10:06,41.1834,-74.6663,45.07,78,0,0.0,clear sky
548,Aku,NG,2022-10-19 01:08:14,6.7081,7.3167,72.16,94,100,2.46,light rain
549,Sanchor,IN,2022-10-19 01:10:06,24.7553,71.7722,74.12,35,1,5.28,clear sky
550,Illapel,CL,2022-10-19 01:10:07,-31.6308,-71.1653,55.02,63,0,1.97,clear sky
551,Cooma,AU,2022-10-19 01:10:07,-36.2333,149.1333,67.32,44,100,3.15,overcast clouds
552,Ekhabi,RU,2022-10-19 01:10:08,53.5102,142.9671,36.82,54,82,21.94,broken clouds
553,Mugur-Aksy,RU,2022-10-19 01:10:08,50.35,90.5,26.2,82,71,4.63,broken clouds
554,Chicama,PE,2022-10-19 01:10:09,-7.8447,-79.1469,59.54,76,95,6.49,overcast clouds
555,Zyryanka,RU,2022-10-19 01:10:09,65.75,150.85,14.81,91,100,22.39,light snow
556,Nehe,CN,2022-10-19 01:10:10,48.4833,124.8333,40.64,34,87,11.45,overcast clouds
557,Lardos,GR,2022-10-19 01:10:10,36.0942,28.0157,67.95,82,12,7.09,few clouds
558,Dedougou,BF,2022-10-19 01:10:11,12.4667,-3.4667,79.77,32,0,2.68,clear sky
559,Huarmey,PE,2022-10-19 01:10:11,-10.0681,-78.1522,62.1,83,21,9.01,few clouds
560,Benguela,AO,2022-10-19 01:10:11,-12.5763,13.4055,72.54,85,16,2.39,few clouds
561,Harper,LR,2022-10-19 01:10:12,4.375,-7.7169,76.48,89,100,3.74,light rain
562,Quatre Cocos,MU,2022-10-19 01:10:12,-20.2078,57.7625,69.91,72,100,14.41,overcast clouds
563,Ilhabela,BR,2022-10-19 01:10:12,-23.7781,-45.3581,70.09,94,100,2.64,overcast clouds
564,Mayo,US,2022-10-19 01:00:17,38.8876,-76.5119,49.98,65,6,3.0,clear sky
565,Djenne,ML,2022-10-19 01:10:13,13.9061,-4.5533,85.23,29,0,5.68,clear sky
566,Urubicha,BO,2022-10-19 01:10:13,-15.3833,-62.95,72.54,92,50,1.9,scattered clouds
567,Angoche,MZ,2022-10-19 01:10:14,-16.2325,39.9086,74.68,86,0,4.45,clear sky
568,Broome,US,2022-10-19 01:10:14,42.2506,-75.833,41.67,72,0,6.91,clear sky
569,Pulandian,CN,2022-10-19 01:10:15,39.3953,121.9669,59.25,51,0,6.8,clear sky
570,Buinsk,RU,2022-10-19 01:10:15,54.95,48.2833,44.69,85,100,13.85,overcast clouds
571,Delemont,CH,2022-10-19 01:10:15,47.3649,7.3445,56.98,96,9,2.08,clear sky
572,Zeya,RU,2022-10-19 01:06:07,53.75,127.2667,34.27,59,100,2.3,overcast clouds
573,Vardo,NO,2022-10-19 01:10:16,70.3705,31.1107,35.58,80,99,13.8,overcast clouds
574,Kavaratti,IN,2022-10-19 01:10:16,10.5669,72.642,81.81,72,95,17.74,overcast clouds
575,Karratha,AU,2022-10-19 01:05:54,-20.7377,116.8463,81.46,38,0,7.49,clear sky
576,Wesseling,DE,2022-10-19 01:06:23,50.8333,6.9833,52.5,89,24,2.3,mist
577,Buchanan,LR,2022-10-19 01:10:17,5.8808,-10.0467,76.12,91,97,3.69,moderate rain
578,Havre,FR,2022-10-19 01:10:18,49.5833,0.3333,61.2,94,100,14.97,overcast clouds
579,Powell River,CA,2022-10-19 01:10:18,49.8496,-124.5361,62.33,84,81,1.23,broken clouds
580,Batemans Bay,AU,2022-10-19 01:10:19,-35.7167,150.1833,67.1,60,100,7.54,overcast clouds
581,Killarney,IE,2022-10-19 01:10:19,52.05,-9.5167,58.59,96,100,13.94,overcast clouds
582,Vila,PT,2022-10-19 01:10:20,42.0304,-8.1588,56.28,94,97,7.83,overcast clouds
583,Lasa,IT,2022-10-19 01:10:20,46.6166,10.7002,49.37,80,0,4.79,clear sky
584,Barcelos,PT,2022-10-19 01:10:20,41.5388,-8.6151,68.14,89,97,13.96,overcast clouds
585,Chara,RU,2022-10-19 01:10:21,56.9064,118.2631,30.81,69,98,2.91,overcast clouds
586,Keetmanshoop,NA,2022-10-19 01:10:21,-26.5833,18.1333,73.8,33,7,6.42,clear sky
587,Tateyama,JP,2022-10-19 01:00:24,34.9833,139.8667,61.11,81,100,16.84,overcast clouds
588,Porto Santo,PT,2022-10-19 01:10:22,33.072,-16.3415,71.98,78,20,6.91,few clouds
589,Port-Cartier,CA,2022-10-19 01:10:22,50.0334,-66.8654,48.74,97,100,15.14,heavy intensity rain
590,Pochutla,MX,2022-10-19 01:10:23,15.7432,-96.4661,72.82,91,100,8.93,light rain
591,Araouane,ML,2022-10-19 01:10:23,18.9048,-3.5265,84.76,17,50,7.47,scattered clouds
592,Clonakilty,IE,2022-10-19 01:10:23,51.6231,-8.8706,58.21,98,100,18.39,overcast clouds
593,Flin Flon,CA,2022-10-19 01:10:24,54.7682,-101.865,45.48,50,100,5.21,overcast clouds
594,Yarega,RU,2022-10-19 01:10:24,63.4354,53.5765,37.87,91,100,8.59,overcast clouds
595,Khorixas,NA,2022-10-19 01:10:25,-20.3667,14.9667,64.33,64,30,0.96,scattered clouds
596,Elko,US,2022-10-19 01:10:25,41.0002,-115.5012,66.22,16,100,3.87,overcast clouds
597,Eau Claire,US,2022-10-19 01:10:25,44.8114,-91.4985,37.78,57,0,5.75,clear sky
598,Edinburg,GB,2022-10-19 01:10:26,55.9521,-3.1965,49.78,94,20,5.75,few clouds
599,Manzanillo,CU,2022-10-19 01:10:26,20.3433,-77.1167,76.89,85,57,2.24,broken clouds
600,Camabatela,AO,2022-10-19 01:10:27,-8.1881,15.375,62.04,93,78,2.08,broken clouds
601,Itarema,BR,2022-10-19 01:10:27,-2.9248,-39.9167,78.64,83,76,17.78,broken clouds
602,Yuancheng,CN,2022-10-19 01:10:28,36.652,107.7896,51.12,59,95,8.77,overcast clouds
603,Bukama,CD,2022-10-19 01:10:28,-9.2,25.85,70.95,78,100,3.27,overcast clouds
604,Nipawin,CA,2022-10-19 01:10:28,53.3668,-104.0009,48.24,43,100,5.75,overcast clouds
605,Jiblah,YE,2022-10-19 01:10:29,13.9216,44.1467,59.31,47,79,3.02,broken clouds
606,Viseu,PT,2022-10-19 01:10:29,40.661,-7.9097,64.72,90,100,3.04,overcast clouds
607,Tias,ES,2022-10-19 01:10:30,28.9611,-13.645,67.68,83,0,8.05,clear sky
608,Ternate,ID,2022-10-19 01:10:30,0.8,127.4,85.03,63,100,3.09,overcast clouds
609,Chernukha,RU,2022-10-19 01:10:31,55.5974,43.7556,45.01,90,100,7.49,overcast clouds
610,Nachingwea,TZ,2022-10-19 01:10:31,-10.3833,38.7667,66.52,88,23,2.84,few clouds
611,Abu Dhabi,AE,2022-10-19 01:10:31,24.4667,54.3667,82.96,84,100,2.3,overcast clouds
612,Nelson Bay,AU,2022-10-19 01:10:32,-32.7167,152.15,75.09,80,100,3.0,overcast clouds
613,Milkovo,RU,2022-10-19 01:10:32,54.7167,158.6167,37.85,57,27,19.55,scattered clouds
614,Kulu,TR,2022-10-19 01:10:33,39.0951,33.0799,51.96,81,6,7.85,clear sky
615,Puerto Narino,CO,2022-10-19 01:10:33,-3.7703,-70.3831,74.46,93,38,0.6,scattered clouds
616,Chongwe,ZM,2022-10-19 01:10:34,-15.3292,28.682,66.25,43,47,5.75,scattered clouds
617,Kibala,TD,2022-10-19 01:10:34,9.1104,18.3463,73.38,86,39,2.39,scattered clouds
618,Gamba,GA,2022-10-19 01:10:34,-2.65,10.0,77.14,86,100,3.83,overcast clouds
619,Lerwick,GB,2022-10-19 01:10:35,60.1545,-1.1494,37.4,71,6,5.66,clear sky
620,Sovetskiy,RU,2022-10-19 01:10:35,61.3614,63.5842,38.82,92,100,6.24,overcast clouds
621,Osoyoos,CA,2022-10-19 01:10:36,49.0331,-119.4524,55.81,71,2,2.3,clear sky
622,Seoul,KR,2022-10-19 01:10:36,37.5683,126.9778,54.84,35,0,3.6,clear sky
623,Puquio,PE,2022-10-19 01:10:36,-14.7,-74.1333,47.66,59,10,1.79,clear sky
624,Sassandra,CI,2022-10-19 01:10:37,4.95,-6.0833,75.2,93,100,3.96,light rain
625,Tsuruoka,JP,2022-10-19 01:10:37,38.7217,139.8217,57.2,63,88,12.21,overcast clouds
626,Tuatapere,NZ,2022-10-19 01:10:38,-46.1333,167.6833,52.59,59,100,9.48,light rain
627,Batasan,PH,2022-10-19 01:10:38,12.7667,120.7833,82.54,75,99,5.17,overcast clouds
628,Zhuanghe,CN,2022-10-19 01:10:38,39.7008,122.9911,51.98,52,0,3.51,clear sky
629,Talladega,US,2022-10-19 01:06:38,33.4359,-86.1058,46.35,61,0,4.61,clear sky
630,Durazno,UY,2022-10-19 01:10:39,-33.4131,-56.5006,60.58,83,85,15.05,overcast clouds
631,Lipari,IT,2022-10-19 01:10:39,38.4674,14.954,65.26,70,5,6.08,clear sky
632,Siilinjarvi,FI,2022-10-19 01:10:40,63.0833,27.6667,33.82,86,75,10.36,broken clouds
633,Hamilton,US,2022-10-19 01:10:01,39.1834,-84.5333,41.23,79,100,16.11,overcast clouds
634,Kyra,RU,2022-10-19 01:10:40,49.5776,111.9753,38.8,38,59,4.0,broken clouds
635,Znamenskoye,RU,2022-10-19 01:10:41,57.1281,73.8282,41.54,80,100,7.67,overcast clouds
636,Coquimbo,CL,2022-10-19 01:10:41,-29.9533,-71.3436,53.33,93,20,1.14,few clouds
637,Svetlogorsk,BY,2022-10-19 01:10:41,52.6333,29.7333,47.34,94,100,9.1,overcast clouds
638,Puerto Suarez,BO,2022-10-19 01:10:42,-18.95,-57.8,74.34,86,15,5.14,few clouds
639,Vostok,RU,2022-10-19 01:10:42,46.4856,135.8833,37.58,49,8,11.48,clear sky
640,Do Gonbadan,IR,2022-10-19 01:10:42,30.3586,50.7981,62.69,63,0,0.0,clear sky
641,Launceston,AU,2022-10-19 01:10:43,-41.45,147.1667,64.35,59,4,10.36,clear sky
642,Sao Filipe,CV,2022-10-19 01:10:43,14.8961,-24.4956,80.56,79,10,7.47,clear sky
643,Verkhnyaya Khava,RU,2022-10-19 01:10:44,51.8404,39.9413,53.67,76,100,8.93,overcast clouds
644,Blyth,GB,2022-10-19 01:10:44,55.1271,-1.5086,51.48,89,75,3.44,broken clouds
645,Doha,QA,2022-10-19 01:10:44,25.2867,51.5333,82.38,54,0,4.61,clear sky
646,Plettenberg Bay,ZA,2022-10-19 01:10:45,-34.0527,23.3716,62.56,94,38,0.38,scattered clouds
647,Pingxiang,CN,2022-10-19 01:10:45,27.6167,113.85,64.35,28,15,4.88,few clouds
648,Lethem,GY,2022-10-19 01:10:46,3.3803,-59.7968,77.38,84,87,5.86,overcast clouds
649,Usinsk,RU,2022-10-19 01:10:46,65.9939,57.5281,38.01,97,100,14.2,overcast clouds
650,Mirnyy,RU,2022-10-19 01:10:46,62.5353,113.9611,26.24,86,100,13.0,overcast clouds
651,La Ronge,CA,2022-10-19 01:10:47,55.1001,-105.2842,53.85,50,30,3.44,scattered clouds
652,Sansepolcro,IT,2022-10-19 01:10:47,43.5747,12.143,62.89,81,0,2.35,clear sky
653,Totma,RU,2022-10-19 01:10:48,59.9747,42.7642,38.86,90,100,3.94,overcast clouds
654,Zholymbet,KZ,2022-10-19 01:10:48,51.7433,71.7122,36.91,68,100,11.32,overcast clouds
655,Guerrero Negro,MX,2022-10-19 01:10:48,27.9769,-114.0611,73.8,68,1,13.33,clear sky
656,Husavik,IS,2022-10-19 01:10:49,66.0449,-17.3389,33.96,78,14,9.82,few clouds
657,Banjar,ID,2022-10-19 01:10:49,-8.19,114.9675,78.13,93,100,4.61,heavy intensity rain
658,Walvis Bay,NA,2022-10-19 01:10:50,-22.9575,14.5053,58.15,94,15,9.22,few clouds
659,Karpogory,RU,2022-10-19 01:10:50,64.0019,44.4451,37.9,79,100,8.5,overcast clouds
660,Puerto Asis,CO,2022-10-19 01:10:50,0.5133,-76.5007,74.16,91,100,0.96,overcast clouds
661,Belyy Yar,RU,2022-10-19 01:10:51,53.6039,91.3903,34.86,81,0,4.47,clear sky
662,Alindao,CF,2022-10-19 01:10:51,5.0267,21.2088,70.05,97,99,2.3,overcast clouds
663,Nago,JP,2022-10-19 01:10:52,26.5881,127.9761,76.05,78,99,20.96,overcast clouds
664,Fort Nelson,CA,2022-10-19 01:10:52,58.8053,-122.7002,54.88,54,100,4.83,overcast clouds
665,Broken Hill,AU,2022-10-19 01:10:52,-31.95,141.4333,65.88,65,96,20.74,moderate rain
666,Linkoping,SE,2022-10-19 01:10:53,58.4109,15.6216,39.97,81,20,9.22,few clouds
667,Tomatlan,MX,2022-10-19 01:10:53,19.9333,-105.25,77.14,93,32,1.97,light rain
668,Sorong,ID,2022-10-19 01:10:53,-0.8833,131.25,84.43,72,96,3.22,overcast clouds
669,Piacabucu,BR,2022-10-19 01:10:54,-10.4056,-36.4344,76.42,78,5,12.17,clear sky
670,Shar,KZ,2022-10-19 01:10:54,49.5886,81.0453,34.21,77,9,3.49,clear sky
671,Portland,US,2022-10-19 01:07:28,45.5234,-122.6762,70.77,68,40,4.61,smoke
672,Hathras,IN,2022-10-19 01:10:55,27.6,78.05,70.63,61,0,3.83,clear sky
673,Port Lincoln,AU,2022-10-19 01:10:56,-34.7333,135.8667,64.92,65,0,13.22,clear sky
674,Puerto Leguizamo,CO,2022-10-19 01:10:56,-0.1934,-74.7819,74.17,96,100,2.28,overcast clouds
675,San Pedro,PH,2022-10-19 01:10:56,14.35,121.0167,84.34,93,85,5.39,overcast clouds
676,Baherden,TM,2022-10-19 01:10:57,38.4362,57.4316,51.28,83,54,1.25,broken clouds
677,Pokhara,NP,2022-10-19 01:06:53,28.2333,83.9833,57.94,47,0,6.93,clear sky
